path,bytes,sha256
.gitattributes,101,06c99c9e6ff23f4f10a79b3b56339ae48fef6b8310ed365492787b4768a4b632
.gitignore,1238,ec748c3db3b6075e809a2c62eca84523137b53c3699047131ad3b3534954bddf
AUTHORS.md,437,e921f74cc07a3796ecdc3e5f92e2833752c76fb2f0aa9b047500d0b136b3e058
CITATION.cff,1075,5e590c287f15d150fb490bf22f059b2143a87db8943d4c4504cb987c727a97cd
DATA_SOURCES.md,4946,2eda7c0dca437fd5e771afba101e3488f7dcb6a6035b67ffbcc1ae0d29ebb3bf
LICENSE,1139,749e943c850e5ae92a87b10bbe30992a97219a873b461a4f17b12aa08824f829
LICENSE_SCOPE.md,1237,2d5a7825aa3965ecd2818aedfd4ee9f816a8446508678ad4e70b87cad99f50ed
PUBLIC_RELEASE_CHECKLIST.md,1102,de964dcc34e99195bb3c7e50e4b662b713dd7e0bdbd56b4ed08b358c13f00f35
PUBLIC_REPOSITORY_AUDIT.txt,899,4dba424a646348daefaae6d7167bfa6bb845bf95c4f8a3d695eba651b2df82e2
README.md,5991,cb273b086ee79fb9ed7b2d349171baa76492edad9971943d859f63e734b1be6c
REPLICATION.md,3737,32f9a26f1a0b7f58ef66a3626cc2bb6c67b54cdc11a4950662cf4a1ca3524e88
config/expected_results.json,1302,d891cc9b975e5f000c111060edff6ba04685a04fa021fe5368f797d2b785ad57
config/runtime.env.example,261,8729e9a083d4492828d536e195bc70c4c06b15c5f364a3da137f093adffee112
config/v0_25_expected_results.json,908,6be631912c9967584845d40e18e0ecc438ae1314b078a8b307c85511233b51e7
expected/manuscript_v0_25/supplementary/supplementary_data_S3_full_weight_grid.csv,7863,a735bb80f821851651a8f1e97cc6b5b2c3cc3b655eede429b4cff056db76ec6f
expected/manuscript_v0_25/supplementary/supplementary_data_core_contrast_by_replicate.csv,223573,4f4c993a4fc9cda81ab2a080b00ec3d355c3491aa08d0afd15f6b340dc265a25
expected/manuscript_v0_25/supplementary/supplementary_data_core_contrast_threshold_by_replicate.csv.gz,866418,2610c3adc101228ed9eb7d7c93823ce17dfaa4d9e7173cadf00d4518409532fc
expected/manuscript_v0_25/supplementary/supplementary_data_knn_overlap_display_k5_100.csv,3264,4d72f83fbac764ede3a9f01ae4acec31634ce5af0a68265a3a6562b8830b345f
expected/manuscript_v0_25/supplementary/supplementary_data_knn_overlap_display_with_benchmark_k5_100.csv,2499,24b9b721412e8ef6abf198ae87970ffb199b18028bceb7b1bf56676811860bc8
expected/manuscript_v0_25/supplementary/supplementary_data_knn_overlap_k1_100.csv,7877,9d76b122b1daa24acd8111e052878c2fdacb4169677fbbd9b107284e50444b60
expected/manuscript_v0_25/supplementary/supplementary_data_knn_overlap_with_independent_set_benchmark.csv,11791,eb49a36015fdb4f59a601c613696ac1a633f187151a3788b195850ca736b9c84
expected/manuscript_v0_25/supplementary/supplementary_data_pair_frequency_balanced_weights.csv,8673,4824a426a615b6c8231b0b270f8c99fb91f0b32236d55764bfb28daae3e0a333
expected/manuscript_v0_25/supplementary/supplementary_table_S1_38_non_scalar_contrasts.csv,6211,45ddfc4d713f65b0f86fa903c9a02095815b78170f86e208f3b72c1f088081ba
expected/manuscript_v0_25/supplementary/supplementary_table_S2_screen_threshold_sensitivity.csv,380,eba9e490f7cf029eaf0a5d736c1aa25b1b94fac117e57b8efdc3db449ce4475e
expected/manuscript_v0_25/supplementary/supplementary_table_S3_scalar_weight_sensitivity_summary.csv,326,fd4e64e1fbd94e3fa44978e830a947fb0bc2b6d76a90353ef1a1221c59217783
expected/manuscript_v0_25/supplementary/supplementary_table_S4_core_contrast_cover_robustness.csv,1042,2ad09a187b0268e7ac5ee2ea6786cf3c3c2230a591ceaec38a56e1c67c3e0fb5
expected/manuscript_v0_25/supplementary/supplementary_table_S5_core_contrast_threshold_cover_robustness.csv,4063,aef5b551add8902388b334b807b9bee601c1110f62611ace1a8d992160d3834b
expected/supplementary/supplementary_data_S3_full_weight_grid.csv,7863,a735bb80f821851651a8f1e97cc6b5b2c3cc3b655eede429b4cff056db76ec6f
expected/supplementary/supplementary_data_pair_frequency_balanced_weights.csv,8673,4824a426a615b6c8231b0b270f8c99fb91f0b32236d55764bfb28daae3e0a333
expected/supplementary/supplementary_table_S1_38_non_scalar_contrasts.csv,12026,b8f04f5cb41a08a22863c43be4cda902a56469e6ba412302e13b5568bb509976
expected/supplementary/supplementary_table_S2_screen_threshold_sensitivity.csv,380,eba9e490f7cf029eaf0a5d736c1aa25b1b94fac117e57b8efdc3db449ce4475e
expected/supplementary/supplementary_table_S3_scalar_weight_sensitivity_summary.csv,326,fd4e64e1fbd94e3fa44978e830a947fb0bc2b6d76a90353ef1a1221c59217783
expected/tables/table1_principal_non_scalar_contrast.csv,714,c8eb2a5c5948f26c3bd7e0fc446a364c158e69b11b3350c21cb269e48640c492
expected/verification/STATUS.txt,87,23ab5f3ac25c16940e4300154b6308011e99b2aeb67c2399f08027b197c9876d
expected/verification/replication_validation_report.csv,2973,0c71a69bb20dfb359e56900d6895bc7b91ce3fcf36f54b664eeacce1cff2e4d1
framework/TDABM_Portability/APPLICATION_HANDOVER_REQUEST.md,10379,a5ae47745c0054e967992de750cfff3dac533a7b8cb9c2d802ae6a450cf7d6d0
framework/TDABM_Portability/NEW_CONVERSATION_HANDOVER.md,5532,8922a512b3e4fa5ad3ef47a9c62ac26bede9fc4113efd18c4e4542a1cd138ef2
framework/TDABM_Portability/README.md,5972,738bbf196b720dddbb488d5a6b6cb49b4ba936d5ad66623de8cfd4fc1841abd4
framework/TDABM_Portability/VERSION,322,bfebb00ca6629f968aaabf437a6e88189bee36aad705c3327bb4c387ff69c8c6
framework/TDABM_Portability/applications/README.md,393,1b51f3b5d5c107a3626fee45af1d8c39ad8bf4eebf95e77d8fd3563430c77144
framework/TDABM_Portability/docs/01_PIPELINE_ARCHITECTURE.md,1295,4a5c31ce0e9c2096aaef09a9f246fe30038341ca9c2240c2d5fee78621257628
framework/TDABM_Portability/docs/02_NEW_APPLICATION_ACTIVATION.md,1265,c45685360c697a0092a99107753860192d1a8a4fe963f5bee9f6cf08214851e4
framework/TDABM_Portability/docs/03_RADIUS_POLICY.md,1591,d1410c33cede100566d17348a1f94c1da7ad0e7565b2da9f02edcb6202f7cf46
framework/TDABM_Portability/docs/04_TOPOLOGY_FREEZE_AND_RECOLOURING.md,865,9f2e55b5730982519d52130c8ddeee437d4922aedc5cae4ce275ad68d5623c6a
framework/TDABM_Portability/docs/05_PAPER_EVIDENCE_AND_ROBUSTNESS.md,1389,91299aabace4a2baa4308073b6c455bd89ac7b408d602231af1483f7d9941119
framework/TDABM_Portability/docs/06_PORTABILITY_AND_RUNTIME.md,1030,4d0cd5b71c80a61145d5cd1a94ac784e0d9970640d13e302f602a890cf237505
framework/TDABM_Portability/docs/07_ACCEPTED_BASELINE_HISTORY.md,1971,00550bca2b0ce5b5432cebebd624fb0decabb72428615d75235db2623d35d8eb
framework/TDABM_Portability/docs/08_APPLICATION_HANDOVER_REQUEST.md,748,d2de050664d1631d2305351b4a4640600229dc32af5e7396659003bd448d1bf6
framework/TDABM_Portability/docs/09_RADIUS_POLICY_CONTRACT_CORRECTION.md,403,fce0326d46caa49c98d0c3a943556d005442ec648b811515d5d17649433bbf30
framework/TDABM_Portability/docs/10_CLEAN_RELEASE_V1_1_2.md,420,da429d2d047ca3c7ee7688a9efdbac1d57b5e4b29ab8399cfa47ff79fe0a11e7
framework/TDABM_Portability/framework/BMCLAUDE3.R,72281,547d65a8be8c508b652ae234d9c94326cd95701f7981a386890f9142cf5a4210
framework/TDABM_Portability/framework/BallMapper.cpp,24421,7eefb97235f7fcee308b6304a85e8777ff947de9e0154823d4c09d3516409b4e
framework/TDABM_Portability/framework/R/TDABMArtifactProvenance.R,8865,6b175a732caf8fdb5ee19b475cc04e31e9da9f7e7662bfa7e8e26cd82f600455
framework/TDABM_Portability/framework/R/TDABMClaimContracts.R,3863,bb8558528c2a8e89b79f07c0e7c6c4daa8944bc4f172bbefda2886e74f29945c
framework/TDABM_Portability/framework/R/TDABMEvidenceProvenance.R,3271,7baf36a1e2c715c07eb28bc881b50a662887d50b502159beaf7109d918d33f9a
framework/TDABM_Portability/framework/R/TDABMExecution.R,17731,f7a5e75d2ea722ac6f84e5c55c29bde91163bb092dfb71a872d29a1482988da5
framework/TDABM_Portability/framework/R/TDABMFramework.R,3254,1efdf9eaf32d01965199f07e4eb64239849dec2280123bd98f96e46c1e2b8f72
framework/TDABM_Portability/framework/R/TDABMFrozenTopology.R,2296,62c2472dfa5e72149e981ca177c59a1dd2448c683be33361bae3956be3af9f3e
framework/TDABM_Portability/framework/R/TDABMInputFreeze.R,27480,fa840f6849d01faece707e85969d12129b940c1c91aedc959de9d5a2228ca049
framework/TDABM_Portability/framework/R/TDABMInterpretationRobustness.R,21217,fe24b480b7176e1010e3c443d4737c30b8ec528fc2bea17776cfb5141774bd57
framework/TDABM_Portability/framework/R/TDABMMembership.R,15700,894595b89c983ff71dcaa032e77d243331454d52792ee60003697352586539e7
framework/TDABM_Portability/framework/R/TDABMOrchestrator.R,12987,0d957215c8619095a2a6bdef00249e4b035b6bcd5cfed2210c8592ce376462d4
framework/TDABM_Portability/framework/R/TDABMOutlierDiagnostics.R,13894,d6d889c3a5e7ca4eace9e093a9ceec9e423bc7aef788ae5ace4ec88a4a2f3cea
framework/TDABM_Portability/framework/R/TDABMPaperEvidence.R,16641,5fdd1d84f5ea77bfd6c2352336fe0f0c2207d9364390540133a94971bb471352
framework/TDABM_Portability/framework/R/TDABMPaths.R,2071,c2952dc89a235d47f58c3ee4a55b86643e98c5c727468514ddd59ec86d0e77c5
framework/TDABM_Portability/framework/R/TDABMProject.R,22143,25d52fea0c45819fb490ce79c6d396b353abce696dd44386a1c95fce1e82c723
framework/TDABM_Portability/framework/R/TDABMRadiusContract.R,12036,0ef3904dcb3074218fc02f4162db843be7f1527aec4b00b6a5ad6dac8274b167
framework/TDABM_Portability/framework/R/TDABMRadiusDiagnostics.R,49648,2d139d0beeb702f0a4a16ca0acc263ce595e6fd765a04b11501c9a0231716405
framework/TDABM_Portability/framework/R/TDABMRobustness.R,20417,ab4fac52dab504aef6f2cf5090619bd0f911d9eed8739ef6135acbfe741e971a
framework/TDABM_Portability/framework/R/TDABMSemanticEquivalence.R,38304,d961b92713ad27bdc3625ca8c7de96edd32e592cb164cf8dc56594cc2e216dc7
framework/TDABM_Portability/framework/R/TDABMStageSemanticContracts.R,4163,6fd65253fd6d16e458b9bc79ea78754703089f993eb40a59f4fa1c4ffe8c5ac6
framework/TDABM_Portability/framework/R/TDABMSummaries.R,21968,e119e4497df626fb1147f0c748ba060c69b3c88dc63709a03e3b5371b4a6619d
framework/TDABM_Portability/framework/R/TDABMTopologyFreeze.R,10548,38c59573f5322404f41169dac1586cfd2613e43ecf39d876d091f7e1abc0166e
framework/TDABM_Portability/framework/R/TDABMUserRadiusContract.R,7684,309ca17f00bb396cb886a17e020d03218630df690d50cc5761e2c59a2d499a8e
framework/TDABM_Portability/framework/R/TDABMUtilities.R,16408,f449cc5b273ac9333bf09de58caa687838f8b5178b676d89c54c0b79163a14dd
framework/TDABM_Portability/framework/R/TDABMValidation.R,29151,59dc5f9f876395fc43bd7dbadeec6528590c412cda3f00e3d8aa74c5d7c76bca
framework/TDABM_Portability/framework/R/TDABMValueContracts.R,12004,df4d1d9cc7a7fe00a6ea5f269ca9b55f309c786f715c4f8eea5979c25df60b26
framework/TDABM_Portability/framework/coref.R,57188,a52954f18355b4121a8b6c0236b6a0700cdbac5690303c51cb12ed91e754ae89
framework/TDABM_Portability/framework/dependencies.csv,1043,56b965a949bcf6f34c410bbac5a8be246dedeeef34c9a9d601fdfa75fdef2f7f
framework/TDABM_Portability/manifests/CLEANUP_DECISIONS.csv,1193,42e4aa19aae7025b846622ae125dd6dc48d915ed9b4c4244d9f02380b1c58d41
framework/TDABM_Portability/manifests/CLEAN_BASELINE_MANIFEST.csv,8401,5f3f3fcaa807189eece7c10b6940237a0481581325ecda6375f48b0d7517b1a9
framework/TDABM_Portability/manifests/CORRECTION_CHANGE_REGISTER.csv,798,143bde9cf57f4f01ae4c39aaba747359c0027d3edc5c661b05cde0ce126d52c7
framework/TDABM_Portability/manifests/SOURCE_LINEAGE.csv,11855,d46a2f23c2177032b985132dcdc33292d1a04833ded3f43aadd807d96927d6db
framework/TDABM_Portability/setup_tdabm_clean.sh,3985,ed5668633d18e07e4d956244f940c2f0d091b8c80c6c79416f28e237b1fedf7d
framework/TDABM_Portability/templates/new_application/R/ApplicationAdapter.R,521,4c4de3a6f7d2f818cf20df52800e088ff69203f6f67ff033250aa230d2465433
framework/TDABM_Portability/templates/new_application/README.md,558,eb4ac10d46f5bbf97f2754d76e41866439886f9e4bc07fa33b2d3dfb6b9aee2a
framework/TDABM_Portability/templates/new_application/config/application_contract.csv,657,13162ffaf4be84564ae230f47ea6a1185b93aef34ac9735a254ff7bf52d6aafe
framework/TDABM_Portability/templates/new_application/data/README.md,134,3a8a85009b53c0cd4caa732b07356c1cbc4a5bfba582b6b2571083e151fb3a01
framework/TDABM_Portability/templates/new_application/provenance/README.md,112,26d236116435c858dfe97a0047e1fb6c8ba6ed9c01f8689e4d9888346bffff85
framework/TDABM_Portability/templates/new_application/scripts/README.md,140,0c92bdcc0d0746361608a01373e2ee487d59654d8b62998e528a816f9b8936f4
framework/TDABM_Portability/tools/check_clean_framework.py,3566,0bf36d0d19af81fd753ac33d0c317b3543c88c77982be5dc0701f12a2d3b5945
framework/TDABM_Portability/tools/check_clean_manifest.py,1569,4b6e893d79cec3aad383dbf6525e6a42bbd3c31fb7e6c9bd258a520592090a22
framework/TDABM_Portability/tools/check_current_baseline_versions.py,1781,97964d7fb07d13844eb970aba2a17c4617890903e4a97c1e62730d79fb24ec0f
framework/TDABM_Portability/tools/check_namespace_clean.py,1693,15ecb4e3de01ba0fa63f5f2e82f3592680087aa67c8ca2e018be8b1448184a0a
framework/TDABM_Portability/tools/check_p1_4_b_signature_storage.py,2505,223daf3356d7eb89545c7af6b7c6622fa699bd10871efc3affca8d3ff8c348f8
framework/TDABM_Portability/tools/check_p1_4_landmark_index_contract.py,1975,5ebcc3c1dae792d351a32b35b837ad55a4f371b54a3a06901249f64a43588939
framework/TDABM_Portability/tools/check_r_data_table_mutation_contracts.py,4898,c733ada7a9348ebab1faebc7ba0292a73f951b9258d5d8048de0a2fa2fe7803d
framework/TDABM_Portability/tools/check_r_regex_pattern_contracts.py,3278,bb15ca0b7ddff1119437247b595543c8e1398d4e6554a420c14b3c7f9c4a739a
framework/TDABM_Portability/tools/check_r_structure.py,1910,7084219d33989958de76a6c45ffc6b65bd8a8abe51de5b619a43adb045cf16a9
framework/TDABM_Portability/tools/check_radius_policy.py,2606,58453850194453d7cedad7e750804d83645c0b1019f2f85f0f555e04533bf465
framework/TDABM_Portability/tools/check_release_identity.py,1422,dfba691cbd8d89dee086341054040feb60f033c1b60f4a2d039d6e990d891ef9
framework/TDABM_Portability/tools/create_application_scaffold.py,979,ec3e68cc245228f6e46a4d0c3e84950df3c6750e80a00b115110d82859f1fa17
framework/TDABM_Portability/tools/install_dependencies.R,435,07786a436800ec2ffd70f411c3371d849b8a94e99ea21c18d98371105f144256
framework/TDABM_Portability/tools/make_clean_release_zip.sh,889,13f666f67d0268e3db37f2b56d26ecdcc726b93c61d452a87adcd8ee70b516d0
framework/TDABM_Portability/tools/run_clean_baseline_validation.sh,4912,b4740b170fade69cc2266ebbbf4a0074f48b2b53efb8631ec365f473bc89b1f3
framework/TDABM_Portability/tools/test_clean_setup_status_semantics.py,1163,ffd226c469a66973498b4f855d9a8063d757db5f6313f27560852922ccab8d13
framework/TDABM_Portability/tools/test_exclusion_contract_and_outlier_suggestions.R,5465,37dfdfe750a70794644f640d513af8758e0676fed2de8cf3e9266a3f491c3d3e
framework/TDABM_Portability/tools/test_framework_source_loading.R,1016,1ee6af9a8fe7532c8b436bc2c343450e473c3c45bb3c9529bb2b67819a59f4e3
framework/TDABM_Portability/tools/test_p1_4_a_input_contracts.R,5170,4dc1a9e9adbfecaf1f3e2fadfccd32222434757e61250cfd51d912f44e671704
framework/TDABM_Portability/tools/test_p1_4_b_radius_diagnostics.R,10945,e395b79130496b6cff8a9dfa10ffff9ceda4e6fdfda2cfb6683cb1dabc93ae6e
framework/TDABM_Portability/tools/test_p1_4_c_topology_contracts.R,3861,335245d9f109fad9a564edf68646ab8997991f4c644c0f7267e2df1625152625
framework/TDABM_Portability/tools/test_p1_4_d_interpretation_robustness.R,1892,9f526b3035556b0a703cce671ed84617ae0f4393abc0af43a587b50daa71b687
framework/TDABM_Portability/tools/test_p1_4_d_paper_evidence.R,1822,a5e7432423bfa1cc603786c62d3973cef028b93071c74c821acefd20b5c20a4a
framework/TDABM_Portability/tools/test_radius_policy_nonbinding_contract.R,3941,60ae9199c5571a1b1463dd74267edb90da54138d4d18ae19c6b2b9611d0c75ba
framework/TDABM_Portability/tools/test_semantic_equivalence_comparator.R,7027,e890e668537c09afd3a35b670d67c97e5fec61243f805c8e3f38e16f43d0699e
manuscript/figures/figure1_canonical_bm_three_axes.pdf,441990,0be0249df1831812b830e9ea418cde68ebf479af2305316a745777db25ac77d0
manuscript/figures/figure1_canonical_bm_three_axes.png,489387,441f9af788c7f4739f17aafa25bd839c322a2e25db0880ae0b6bd22f25e6ac62
manuscript/figures/figure2_topology_axis_heatmap.pdf,441043,8010a8ca8c963afaa1eaf4527636c1646e2539db2e5f60d5b5d6b9393b0fbbb7
manuscript/figures/figure2_topology_axis_heatmap.png,124298,85f70e803a0ec6f0a7703e2c2e0edd87bdfb6ee103225c170d490cce1e87e486
manuscript/figures/figure3_context_readout_heatmap.pdf,455623,261bd35c2276b871b19462a2f2e83160fd2bae25729b35230715ce2b787a1b5c
manuscript/figures/figure3_context_readout_heatmap.png,186039,97221032beb7f0ab48ac2363026eeb217ed0cf3d205ebb0fe4daa614f9c1375c
manuscript/figures/figure4a_zero_overlap_share.pdf,18660,61e2e80cfa66c7d328be64ed247d63ec3ff61c4246878d9995404d0d53733087
manuscript/figures/figure4a_zero_overlap_share.png,104008,9886ad572f958226cfd004f17c5aa5259d72561e8d786aacb80df551a90472b6
manuscript/manuscript.tex,41351,6f72b4c349d42588e66d5387782742d5fc9ea1e442e5780482c8ac46797d033e
manuscript/supplementary_material.tex,9667,b46ba8e0388b71055bb8e01f2edbbaa475721326010f8353363c2b6c50c22db2
pipeline/01_source_reconstruction/R/functions.R,5126,0e699296d956049ebbe9bd96173b016aef0ee2ef11b9cbf364badd6ebaead52c
pipeline/01_source_reconstruction/config/source_register_seed.csv,2403,4319419efbdfa6871fb4b89c73374aea2ace6ae5aa668739c7dfda6325ec0876
pipeline/01_source_reconstruction/config/student_audit_targets.csv,996,ab4a7a31cd646a7f8b1ba9b705442f1cb31a6ff7393f6146cf199fecdf374fff
pipeline/01_source_reconstruction/run_hfa_f0f1.sh,1466,3bf1048e8b3d8f8f5b22630b5ede20050279eba56ee4c99436c3cdd92bc65096
pipeline/01_source_reconstruction/scripts/00_bootstrap.R,632,e8709ec5c158198951223a5694a7f9284bdb564cb0b936d6777d6d8e02e1e21b
pipeline/01_source_reconstruction/scripts/00_syntax_preflight.R,609,b9ceed0b31cc07f8e724fe9901e5312ae15a7addddcc1c09db5a1ef997d49ca9
pipeline/01_source_reconstruction/scripts/01_build_lsoa21_spine.R,2853,417c75116cca18832ce48445da59a1b86457a13f5234d84bff45029bcd174a4f
pipeline/01_source_reconstruction/scripts/02_census_capability_baseline.R,5288,c96c5628908e34f354f2cc675cd43477b207be663cf75fe0638dd81023f452ab
pipeline/01_source_reconstruction/scripts/03_stage_dft_sources.R,1550,a70da31f4d7141727f919da5da8cb1e8b825b779f43474514bb4167ba856a963
pipeline/01_source_reconstruction/scripts/04_audit_release.R,4113,efa175ff8a22323bdcfb075be15eb356130fab5b9861034c6b2be4bbdf1635ef
pipeline/02_physical_access/R/functions.R,6541,c4a16a429f5e7da97112950295d1f4399e249e951280154df1c675920d7676a0
pipeline/02_physical_access/config/f2_contract.csv,419,c17439cc0acf27551f92647784afa4258b08fddb303ed2c284b44f1675f33497
pipeline/02_physical_access/run_hfa_f2.sh,932,a03307f28f276b5d6d35e6af02deb9f3f3b981d971c3c6a4979a6be756f050c5
pipeline/02_physical_access/scripts/00_bootstrap.R,808,d3bdab2a75482d413a0b06c0c45dd3eeae76aea1e015c2988dba1f8aaed9a4b8
pipeline/02_physical_access/scripts/00_syntax_preflight.R,464,5cb4b56ed7b81214ad34dceea9bd81521f313ff894e0d5dc14870bf27d1a5656
pipeline/02_physical_access/scripts/01_inherit_f0f1.R,1346,6f2ee4e365d1ffadeaa75a74523b3c05bda495466c762b1604a89b885833171f
pipeline/02_physical_access/scripts/02_stage_sources.R,2425,6459a0acc752dddfacb43bdc459aa38028fcc4500e6ee7f170acafba642d0b5d
pipeline/02_physical_access/scripts/03_extract_jts2019.R,7613,449baca6891c500c0f8a5295db92a4a0e5203f525225841332f4aea36ed66b81
pipeline/02_physical_access/scripts/04_harmonise_jts_to_lsoa21.R,2477,91f04d197cbe7346e4c03a01802035f0f12629e625bcbb7b42fc2fcc245218ff
pipeline/02_physical_access/scripts/05_extract_tcm2025.R,3745,cb27b80b13a3c2622631b520a73deef3d7c72bc6096ff002932f52268f028854
pipeline/02_physical_access/scripts/06_build_f2_dataset.R,1408,d72f75075362c2770ad8c561eaa8821b3452342fe078d378b5247c68dc7dee11
pipeline/02_physical_access/scripts/07_audit_release.R,1579,67a824d83269fdc1a2c856e77890dbfa49e8d27a90d67993c14b2b474a0ff8f4
pipeline/03_jts_validation/config/jts2019_food_store_official_benchmarks.csv,2918,e23120a8c990fa1d8dcc6d50b5939622345d9aa6b9330e60ac4648b810abab08
pipeline/03_jts_validation/run_hfa_f2a.sh,1038,023da8a14368f89a31a9ed60fa604e8bd78251035a9d0d82892bee7c3a389564
pipeline/03_jts_validation/scripts/00_preflight.R,271,66fd69193c1b462ffefb0acedf07d77b8737fa2a038090600fa5694646859109
pipeline/03_jts_validation/scripts/01_audit_jts2019.R,8121,6a7ce45d8d62163d6e6b572432cdf0f2b76d78077d1784feb70be0236e39be6d
pipeline/03_jts_validation/scripts/02_build_validated_f2.R,2714,bbabf9e50031665fa3c598b4b6e788c410573c4c048426eea86b48f7f4f4a8d3
pipeline/03_jts_validation/scripts/03_release_audit.R,1614,e673e1011d5d196d5c2cf818813373678a462a22d7c8b32a5092d68ab53c1b2c
pipeline/04_retail_access/R/functions.R,9770,efeecf36fb17c3848bec338ddc357345b2f6b6479711054b36f0f3b873553933
pipeline/04_retail_access/config/f3_contract.csv,713,a7268c47c3f8f4e53ca01b62e085a69a24b268aa0a572cb4b8ac1dc5af65143f
pipeline/04_retail_access/run_hfa_f3.sh,1664,0db73c62d11534218af32ddcf7db9600e7340c1fc7a9a4300b5a247b39d490c4
pipeline/04_retail_access/scripts/00_preflight.R,2538,97eed0bc66a39da7ad589821dec4ad7eaac4ac1a1d705677caab332a18ed018a
pipeline/04_retail_access/scripts/00_syntax_preflight.R,304,a95ab5dbf0b0917d7c0c8661629d71efc4063b8f226c7c99d45481d97fa80ac1
pipeline/04_retail_access/scripts/01_inherit_f2a.R,1984,09d0198e7772c48b788e9d60ee4f0bcf1cc59ff0c7c3af35bb117acacec8af05
pipeline/04_retail_access/scripts/02_stage_sources.R,4677,7599c35ad83ec6fe5f38cb7e4c79215c2a7d2166e4b4a600f7eabd55f253a0be
pipeline/04_retail_access/scripts/03_classify_geolytix.R,1863,316fad30ce9b971a48633ef55ea1334a4b1f53fa498f6c8f3b40296c25435a2c
pipeline/04_retail_access/scripts/04_assign_stores_to_lsoa.R,2646,c92f64028ec07901e0e8fc5ba9405d4fe7a4279b77091e28c9024f54935138bd
pipeline/04_retail_access/scripts/05_compute_functional_access.R,3189,a54358bb0c32fcd941a4d4980b279327c01ec2311c59e5811bdcd3f9a0285eb6
pipeline/04_retail_access/scripts/06_student_sample_reconstruction.R,3581,dc277b3b4baf964ecf75e80d40e4e9982c98b8fe519fe36948c6833afc457111
pipeline/04_retail_access/scripts/07_build_f3_dataset.R,2430,22753780a3fa90b6cb3dfad5775e7ef5b99d2d54c249f1099076e3f8b498dad0
pipeline/04_retail_access/scripts/08_release_audit.R,3749,0a79c915ccdf7af6cb8ef470a0eb7d9270ebad15eba896d1ede1d54c973c4a43
pipeline/05_mobility_material/R/functions.R,6652,381d88e0500d2d55f0219bd8a5df858e2d85113844d4ef31b99bcd6354b6dcce
pipeline/05_mobility_material/config/f4_contract.csv,623,63ef4b82486939ff53a98216f4f610425381ef037169530c39f801e3c244709c
pipeline/05_mobility_material/run_hfa_f4.sh,1639,71391950970856882f28532b6fe41f0dad6eff6443d8f2948d97667f40c29c99
pipeline/05_mobility_material/scripts/00_preflight.R,1657,d41de5a6042a59789e5b52e7f3731939403de480813930b3e1ce3096e53873f3
pipeline/05_mobility_material/scripts/00_syntax_preflight.R,325,7aff8539ee4bd0d10901cf3be8cc7ab2ff846adc74a5210c14195e734f9dc43b
pipeline/05_mobility_material/scripts/01_inherit_f3.R,1850,60be26ba1d6900beb348eb2024d3931601d6348d8e7d7b06c79c31e59cc94b35
pipeline/05_mobility_material/scripts/02_stage_imd2025.R,4625,629d83dc258886e85df62dd08c4b1a32b22eca60b0aaad2c428a55b176eac3fd
pipeline/05_mobility_material/scripts/03_stage_ruc2021.R,3212,efb281e081172f76e34916b5a2a9856c976c32fc9ce61119372eec78c158930d
pipeline/05_mobility_material/scripts/04_build_f4_capability_dataset.R,1511,a6fbd4f51b99f2666fa4c2d5db7e2316c966a3e53595e1f7b93330aa6f02daef
pipeline/05_mobility_material/scripts/05_same_distance_dispersion.R,2085,ee5977b1de3f5018631993410121bdd59e51b3dee076329b942bed2b282e63c9
pipeline/05_mobility_material/scripts/06_structural_peer_overlap.R,1122,a51cc6d2bc9565ee97fa7749a56d5048065298664ef813ec679f35709495445a
pipeline/05_mobility_material/scripts/07_kmeans_benchmark.R,1685,6b97a7a171fdff051cb3907048acc61d549bc16e97a2583a364817fed204f7d2
pipeline/05_mobility_material/scripts/08_configuration_kill_tests.R,4343,2bb4805ad13ae271069794f46d2e21b3c882a9882a149c8c0d6dc623d3efe17c
pipeline/05_mobility_material/scripts/09_release_audit.R,3455,8f06f64365cd8fa797a4258471d256aced8b2b806a5753766820e961c53340b9
pipeline/06_contextual_readouts/R/functions.R,7498,895ce078007f541a5672afc4edc7aba3071b3429fcdad2e77a2c4b8e72428a8f
pipeline/06_contextual_readouts/config/f5_contract.csv,551,e97812b9824a8df6fc38dc5cf95874d7c349db9ecba00fadc12e061ac09fc90a
pipeline/06_contextual_readouts/run_hfa_f5.sh,1528,8de52b00f59ad9837b71737bb398a9bf7ca66bdb0e1e6788ca20cd478a6b7eec
pipeline/06_contextual_readouts/scripts/00_preflight.R,2440,7fce32fb6426c2906af8647c2cf92cd8c8f8482fc7b6e553fdc0484521028759
pipeline/06_contextual_readouts/scripts/00_syntax_preflight.R,325,7aff8539ee4bd0d10901cf3be8cc7ab2ff846adc74a5210c14195e734f9dc43b
pipeline/06_contextual_readouts/scripts/01_inherit_f4.R,1269,f61647b2df1712b4f1364ce6432728dcaceefd76b3077d73db242b21d3154580
pipeline/06_contextual_readouts/scripts/02_stage_iuc_and_lookup.R,8072,3fb061d7cc3e21d12be5e79c194ddd83907ac191e2e669ee95fd79d4ad34df1f
pipeline/06_contextual_readouts/scripts/03_crosswalk_iuc.R,2716,49a1fb4d9eeae30b4af10125be38289c0ab6ac47119602d8d05727db375847d9
pipeline/06_contextual_readouts/scripts/04_ruc_conditioned_peer_overlap.R,1858,163262444a73fd2495d7c33d844db690b7921bb2c47eb1d35930fa4d85b52c35
pipeline/06_contextual_readouts/scripts/05_ruc_conditioned_dispersion.R,1184,982f0f9883465878bc7bf270db7d8a6a05cd24c2f8d2bb64aa78b40686a8b638
pipeline/06_contextual_readouts/scripts/06_digital_readout_closure.R,4552,7169ba9ca02898357632cafe14986e58dd350d9fb136fabed094f65ece076c9c
pipeline/06_contextual_readouts/scripts/07_final_geometry_contract.R,2976,bfc4e667682c44a2438d3a1f3af448ee41ca22da4aec9f55450a843103ec068d
pipeline/06_contextual_readouts/scripts/08_release_audit.R,2698,9d20cf780e700e4b7931ca8bb9fdb0435ee476e9b2d28e475e4dd171b4791898
pipeline/07_input_freeze/food_application/R/FoodHFAAdapter.R,4804,ed6aa8ec32605b7bb0e0162525be11e8606c421bf41239a91d3dec20ef4969fd
pipeline/07_input_freeze/food_application/config/application_contract.csv,1258,c15226dcb86d4e1c2f3307d64c577b1587b96d33d9751cc176eff13a51a7c66f
pipeline/07_input_freeze/food_application/config/variable_register.csv,1202,56d3028c811d5446c0c519c6f7703df0da32a88252a32fdcd14dfffd37585834
pipeline/07_input_freeze/food_application/scripts/01_food_p1_4a_freeze.R,8949,99600683a6e7c090b03acdcddb7ace766ddf6d41f399d8e6cb8f5459ef9ca6e8
pipeline/08_radius_diagnostics/food_application/R/FoodP14BAdapter.R,9403,d02699ad5cb2e99df8f059bb600f22c5553d22a1a87d992a72f9e82449b47b54
pipeline/08_radius_diagnostics/food_application/config/cover_stability_audit_sample.csv,5488,77d2732fbe780c0e153fa39ac48da3500fbe422796c7f8e748db9101d5217d0c
pipeline/08_radius_diagnostics/food_application/config/execution_contract.csv,788,012d9166b86dd6e6db1bb09571e43560e00216ddb3b86aaf81597b9a80fc39bb
pipeline/08_radius_diagnostics/food_application/config/radius_grid.csv,22724,d6d58e3dcaf50991bfae294691c1acefc0373e25b54cca7f84e7cb2f20d39e5a
pipeline/08_radius_diagnostics/food_application/config/radius_range_derivation.csv,911,a7c087efa4c73e42af832163a3c80432fd5f8cf9d76066ccf6db94a1442a8ec4
pipeline/08_radius_diagnostics/food_application/scripts/00_food_p1_4b_preflight.R,3914,e7aa37a7caec979a268b4b05d2d4794e92c5d8120e792e95194858c9409bafe1
pipeline/08_radius_diagnostics/food_application/scripts/01_food_p1_4b_dense_runner.R,7270,c52d02387ff3bb821a2e42383fdc2c76e7df6d0791d154780f0151b675d7741c
pipeline/08_radius_diagnostics/food_application/scripts/02_food_p1_4b_aggregate.R,4839,a6e30438d4656fbd07b728424b610c7985e48d1377698ce484cb9211d32d1fc2
pipeline/08_radius_diagnostics/food_application/scripts/03_food_p1_4b_audit.R,5291,006167d0b55ee4ffb1692b34c3030d5ee2a7015d598d7f53a241f66a17974fa9
pipeline/09_canonical_topology/food_application/config/approved_radius_decision_input.csv,1531,675ee491796067d4b38d555b53d5820a6f1d123b02ec1af6b3c0c2a775f1451d
pipeline/09_canonical_topology/food_application/config/approved_radius_p1_4_b_evidence.csv,624,a864154816f59f767dbe70fc3d5fca92ff8e2ea103a1e287fa3538d6c6a3b2b5
pipeline/09_canonical_topology/food_application/scripts/01_food_p1_4c_freeze.R,16966,a3429ec2beb8993af5ea4abcd93e5212f4a35c39b102c1d9e2f9989291f91261
pipeline/10_evidence_robustness/food_application/R/FoodP14DHelpers.R,25049,6ad6bcf8b20c45120bf332b6b987e748046ac788a6889916d4db88257bec98fb
pipeline/10_evidence_robustness/food_application/config/execution_contract.csv,751,49ba5fbc453d01da90c699f8862478838f343fe9feab425e2bdd40b7111b610d
pipeline/10_evidence_robustness/food_application/config/readout_contract.csv,1821,0d4508e16a947e67102d22753dbe16d8f3d8956512b6137c39ec07f20dd2339e
pipeline/10_evidence_robustness/food_application/config/robustness_radii.csv,170,9f989e835c33ae70daa0e9ccf1a65279c9a22760f524a24449b404529d068003
pipeline/10_evidence_robustness/food_application/scripts/00_preflight_and_recover_readouts.R,7583,40cb78432b017bf37dc8997500f2002accbf8bf2750f36609de5c8e2a515235d
pipeline/10_evidence_robustness/food_application/scripts/01_canonical_paper_evidence.R,9251,4368905ce152c47a17cb2447d2139fe86cdfa2ce999aa8939d594e3653ae8370
pipeline/10_evidence_robustness/food_application/scripts/02_interpretation_robustness.R,14059,f9eee03b4a8ee2e18f2648613d03334eaf87fa714cccd183fdab6d355fde1bd0
pipeline/10_evidence_robustness/food_application/scripts/03_audit_and_provenance.R,5549,7a74aeccfdd2bd4a7675cdb83527d8209e37ab54a541adaf6d64236f09caa290
pipeline/10_evidence_robustness/food_application/scripts/install_dependencies.R,604,7d8d8c890bff53ed518733290206c5a10e27aa7cdf1bd62cc14372ca834111b2
pipeline/11_interpretation/R/Food24Helpers.R,2531,3e2dcdb1095fbee6c7d4ad160d75e3c15e42a8a3f0b131730cd5d763b9add8f2
pipeline/11_interpretation/config/interpretation_contract.csv,1057,acafd4dc196603b97a52e73b90f72578058bd7e101b2519c0b12c363b41a7ecd
pipeline/11_interpretation/config/readout_orientation.csv,1133,900dd935c8df808c1f209efeb8211c1b7a4f66466e5d9abacff59e016cf1790e
pipeline/11_interpretation/config/source_contract.csv,546,59f84c62e4b4f5d92ebcff41f0348d61b553a9aa66b84e3ae9699d129845c1b5
pipeline/11_interpretation/scripts/00_preflight.R,3238,47c988d4c549b2569f634a5e3693fe8c9b0d1e85bd5c5220e8eb3ccfdb133321
pipeline/11_interpretation/scripts/01_build_ball_interpretation.R,6681,61a06175e04d52a7dc6e42f9268bc2171f4275a9f77a015bcef79164ea8f5a7c
pipeline/11_interpretation/scripts/02_build_contrast_evidence.R,4804,1d4dbb58cd10e3bdda7b087532079850a6ae356fcf9605be7b2a4c0a7869477d
pipeline/11_interpretation/scripts/03_build_robustness_and_claim_register.R,9523,11e17ba111fd1175c7820dc4a90eae654ca2ef79a0cefe75280afdf8dcde14b3
pipeline/11_interpretation/scripts/04_audit_and_close.R,8275,51619807227bb87834bf94782e5e186113939522eb532f4cfa56dd860f1825a6
pipeline/12_spatial_closure/R/SpatialClosureHelpers.R,9463,e01984f2327644368dcd9f0fcba41ce84504d45018309d4d9efe00addfffcdd3
pipeline/12_spatial_closure/config/geometry_source_rules.csv,538,23e6c052e6a8091bedd6e4a0c09c81237d3af61b127d7f5a910c159b08154ec2
pipeline/12_spatial_closure/config/spatial_closure_contract.csv,1312,a42bcd0d80703b722280092188a886448df1814ca5b3ae89530943be9a74a36f
pipeline/12_spatial_closure/scripts/00_preflight_geometry.R,5481,4890f15feb93781e0fbf837c4a79d4af9f8727177b6333cc2db3bf6eb281fffc
pipeline/12_spatial_closure/scripts/01_adjacency_and_spatial_dependence.R,3510,e190d0d8906379647a5672046c2fa76ccaf46d22863443b58ad838cb268ec633
pipeline/12_spatial_closure/scripts/02_topology_vs_geography_knn.R,4974,eb96a5f1501dda388c56c3428055c1c0bb76843ca7f3d4a72f418c0c51c2155d
pipeline/12_spatial_closure/scripts/03_ball_spatial_closure.R,3825,f8985eebb8b0ccd88d7e3aaba148fa9c032b211d5e29059b3124a324700efa64
pipeline/12_spatial_closure/scripts/04_pair_sample_and_contrasts.R,7277,bf3dadb1c844e2fd3c83ef9cef7ce09182d29bf7b4e0c8dcacc03d7ecf75f3a1
pipeline/12_spatial_closure/scripts/05_audit_and_review_gate.R,11741,761b6ec6375b31ed63cf861318f11c1740f6bcfcefda24e8e0d92eb60e0b2d4d
pipeline/12_spatial_closure/scripts/install_dependencies.R,801,0a763ee6e73c3921a135fe070261bfc3fbfa8380057cd6203b81500fa501644a
pipeline/13_scalarisation_robustness/R/01_scalarisation_robustness.R,9700,8d11017f0ee6f5923200cadc5c411817755c727215a14506def48a2cf2639c07
pipeline/13_scalarisation_robustness/config/expected_values.csv,335,2d8588f1b6e7743f672022656935efc37344bcc123a92051381c9dd926f79588
pipeline/14_v025_extensions/PROVENANCE.md,1876,8fcafd950688f45122f237f5ae8c21c134ee456b16dd087402c6265d53c27968
pipeline/14_v025_extensions/README.md,1898,187419368e6208113f156ac75147357523199edb82534de78f6a844d4aaedfad
pipeline/14_v025_extensions/config/analysis_contract.csv,617,3509eabe9eb8b2f315475cef2866e3b374f74a6a752905a5d44f5720c45e124c
pipeline/14_v025_extensions/config/expected_canonical_landmarks.csv,982,305fc9c4d88089abc52726b2e3846268244d3b7d6e025b6a857e1e556c9ee180
pipeline/14_v025_extensions/config/expected_canonical_threshold_grid.csv,425,8c13e0fb23df6306d707496f610c733ef139df9b30941737070d11eb0adb7007
pipeline/14_v025_extensions/config/expected_knn_benchmarks.csv,733,1ed0ce2c841a00af162fbd799f343554dff9c33af03fc08637ff2d7ff7c64f66
pipeline/14_v025_extensions/config/expected_radius_ballcount_summary.csv,153,0c2f6a24788bbe34017160ad6cadc12fbbba7ebcc48799fa2525394312b52133
pipeline/14_v025_extensions/run_hfa_v025_extensions.sh,2610,ef0e21e5b14fb257dacec9b29bc9b8444f3e3e80d271bd1d63893bf78a66793d
pipeline/14_v025_extensions/scripts/01_extended_knn.R,8344,4dbbff6758332b081956e8224f14a25163b364e38f890bdc165640134c091bcf
pipeline/14_v025_extensions/scripts/02_core_contrast_robustness.R,15709,12f18b3ba7a7012820d46bccca5126840831f71865ea1c9526a009dd3de8c91b
pipeline/14_v025_extensions/scripts/03_audit_core_contrast.py,6918,0975e795fbd2bb9ceb9c644fab471dcd987a05666098e927ec7c36ae362fb3d1
pipeline/14_v025_extensions/scripts/04_build_public_outputs.py,10380,2420c15f0a45f10b8b29fcccd8a370543cb25e471e0915cdc9c289fa303ec176
pipeline/README.md,1778,7ab1945aacf050f0bc4831d4472050ba0c975679866686c94813b377b572ad82
provenance/DEPATCH_REGISTER.csv,3004,a42ecce669f7d266f71af74e687a32effdf817f9f3c796acad081a8ae07c1d36
provenance/build_audits/PUBLIC_SANITISATION_AUDIT_v1_1.txt,3152,fa40f32bc62705977b7ee2c35d8f702eafd01719b716dc8f6e0abfa9ce0efe0f
provenance/discovered_source_urls.txt,4592,ce424ed6df3ba13cbe85e3990a4a2f77a9adc74ac1fe4faf875be1d76159e7c6
provenance/local_build_paths_removed.txt,552,f1801d92c88dd626bb24e3b142a6b1a2ed7651b53c691437c8ceacd68822465a
provenance/source_package_verification.csv,3983,f0b6a5d5faedc57664814ddd07ff33b9c4979948f648f4d5f63bce4cee066016
provenance/source_records/framework_TDABM_Portability_manifests_CLEAN_BASELINE_MANIFEST.csv,8401,5f3f3fcaa807189eece7c10b6940237a0481581325ecda6375f48b0d7517b1a9
provenance/source_records/framework_TDABM_Portability_manifests_SOURCE_LINEAGE.csv,11855,d46a2f23c2177032b985132dcdc33292d1a04833ded3f43aadd807d96927d6db
provenance/source_records/pipeline_01_source_reconstruction_config_source_register_seed.csv,2403,4319419efbdfa6871fb4b89c73374aea2ace6ae5aa668739c7dfda6325ec0876
provenance/source_records/pipeline_01_source_reconstruction_results_f0f1_file_manifest_sha256.csv,3183,e37019f77e686c58884b23b4804da6d28c23353ce5145389beec338d9c9d89fa
provenance/source_records/pipeline_01_source_reconstruction_results_f0f1_source_register.csv,3249,707444417ec9a7334302c3ad949a092f4fc8f1e980c9ca3a03068d3dfeb36716
provenance/source_records/pipeline_04_retail_access_results_f3_source_register.csv,769,fceedf92179a8d53ae70b765b404ef5181cf7c437120db2fa910f42ad1b983fb
provenance/source_records/pipeline_06_contextual_readouts_results_f5_IUC_SOURCE_PROVENANCE.txt,655,8e1d6f128f2661e4ed25565e451cb2044f9736a8a756b353273b463a3ea3a075
provenance/source_records/pipeline_07_input_freeze_food_application_results_p1_4_a_analysis_input_manifest.csv,1210,e164acaf6f421c02115a177d881be3e2a13b7013b0d2ee59c4417ee142a21ae1
provenance/source_records/pipeline_07_input_freeze_food_application_results_p1_4_a_source_provenance.csv,394,e65d103146488bdb2efc84e135404a05c9b7379f0b1a58df704cd80e6e3dea24
provenance/source_records/pipeline_08_radius_diagnostics_food_application_input_analysis_input_manifest.csv,1210,e164acaf6f421c02115a177d881be3e2a13b7013b0d2ee59c4417ee142a21ae1
provenance/source_records/pipeline_09_canonical_topology_food_application_results_p1_4_c_P1_4_C_artifact_manifest.csv,1561,57cdefb9fd9e775ec16f88c4533cf9281abea2186f2c29d79601147d29f5ab46
provenance/source_records/pipeline_10_evidence_robustness_food_application_results_p1_4_d_P1_4_D_source_lineage.csv,5023,afb69129439f62cb733bf1b342a525c6d864c7e4214ebc30b3031f0d13034e26
provenance/source_records/pipeline_10_evidence_robustness_food_application_results_p1_4_d_readout_source_manifest.csv,6086,055c989a086218ea21b30938dade83d9f5de359cb25da5fb89840681d472f8a5
provenance/source_records/pipeline_11_interpretation_results_EVIDENCE_CLOSURE_artifact_manifest.csv,4499,718791a8e282ff3a8a6408c0102e759a9ec059e933351ba3372da20fe4694d12
provenance/source_records/pipeline_12_spatial_closure_results_SPATIAL_CLOSURE_artifact_manifest.csv,3772,6afbb49e40c90cd00f5f6ea426d4a05527c4496026ed3778d524936c3a5b4baf
provenance/source_records/pipeline_12_spatial_closure_results_spatial_geometry_manifest.csv,2271,7a047b56dcb0103a4d5dfb7b524f806410c1b7196450511f6f4693936f96dd57
run_all.sh,12919,b2f714b5b188f5b2cf9e2b11c7bfe0f99c62e4f405b75cc9b89b559091b71a84
run_quick.sh,152,7d4f26569ffd58ca6471250bdcc99ad1a629048308a6f341ee25d84ad2e69f6e
scripts/14_make_manuscript_outputs.R,12192,cd4e578e08049cb9892480bfbfae386e02321de6a4d4202f7ea0020654ac3435
scripts/14b_make_supplement_tex.R,4027,02e55b82d1466a416518e6a9cb143ebc5d5f6987480e58127ca20a18f2bcd2ee
scripts/15_verify_replication.py,10360,14b01b476a9f8430d0498460d3278a9338a9c9f263db701acd04851481446f90
scripts/reset_repetition_outputs.sh,1426,7b8157e5326e616a58f6bb5011c3c0cb181ed8a363d49addc94522d397a3af7f
