"ball_id","point_index","unit_id","unit_label"
1,1,"E01000001","City of London 001A"
2,4,"E01000005","City of London 001E"
3,5,"E01000006","Barking and Dagenham 016A"
4,6,"E01000007","Barking and Dagenham 015A"
5,38,"E01000042","Barking and Dagenham 017B"
6,63,"E01000069","Barking and Dagenham 011C"
7,169,"E01000181","Barnet 029D"
8,575,"E01000601","Brent 021B"
9,818,"E01000853","Camden 029H"
10,1277,"E01001330","Ealing 008D"
11,1401,"E01001456","Enfield 022A"
12,1707,"E01001800","Hackney 004C"
13,1901,"E01002000","Haringey 031A"
14,1908,"E01002007","Haringey 035C"
15,2331,"E01002444","Hillingdon 031A"
16,5117,"E01005410","Oldham 006A"
17,8572,"E01009017","Birmingham 097A"
18,12271,"E01012922","East Riding of Yorkshire 013A"
19,12484,"E01013144","North East Lincolnshire 004A"
20,17806,"E01018774","Cornwall 028E"
21,19826,"E01020889","County Durham 042A"
22,24799,"E01026112","East Lindsey 017D"
23,31686,"E01033602","Westminster 009H"
24,32212,"E01034172","Torbay 013I"
