relative_path,byte_size,sha256
APPLICATION_HANDOVER_REQUEST.md,10379,a5ae47745c0054e967992de750cfff3dac533a7b8cb9c2d802ae6a450cf7d6d0
NEW_CONVERSATION_HANDOVER.md,5532,8922a512b3e4fa5ad3ef47a9c62ac26bede9fc4113efd18c4e4542a1cd138ef2
README.md,5972,738bbf196b720dddbb488d5a6b6cb49b4ba936d5ad66623de8cfd4fc1841abd4
VERSION,322,bfebb00ca6629f968aaabf437a6e88189bee36aad705c3327bb4c387ff69c8c6
applications/README.md,393,1b51f3b5d5c107a3626fee45af1d8c39ad8bf4eebf95e77d8fd3563430c77144
docs/01_PIPELINE_ARCHITECTURE.md,1295,4a5c31ce0e9c2096aaef09a9f246fe30038341ca9c2240c2d5fee78621257628
docs/02_NEW_APPLICATION_ACTIVATION.md,1265,c45685360c697a0092a99107753860192d1a8a4fe963f5bee9f6cf08214851e4
docs/03_RADIUS_POLICY.md,1591,d1410c33cede100566d17348a1f94c1da7ad0e7565b2da9f02edcb6202f7cf46
docs/04_TOPOLOGY_FREEZE_AND_RECOLOURING.md,865,9f2e55b5730982519d52130c8ddeee437d4922aedc5cae4ce275ad68d5623c6a
docs/05_PAPER_EVIDENCE_AND_ROBUSTNESS.md,1389,91299aabace4a2baa4308073b6c455bd89ac7b408d602231af1483f7d9941119
docs/06_PORTABILITY_AND_RUNTIME.md,1030,4d0cd5b71c80a61145d5cd1a94ac784e0d9970640d13e302f602a890cf237505
docs/07_ACCEPTED_BASELINE_HISTORY.md,1971,00550bca2b0ce5b5432cebebd624fb0decabb72428615d75235db2623d35d8eb
docs/08_APPLICATION_HANDOVER_REQUEST.md,748,d2de050664d1631d2305351b4a4640600229dc32af5e7396659003bd448d1bf6
docs/09_RADIUS_POLICY_CONTRACT_CORRECTION.md,403,fce0326d46caa49c98d0c3a943556d005442ec648b811515d5d17649433bbf30
docs/10_CLEAN_RELEASE_V1_1_2.md,420,da429d2d047ca3c7ee7688a9efdbac1d57b5e4b29ab8399cfa47ff79fe0a11e7
framework/BMCLAUDE3.R,72281,547d65a8be8c508b652ae234d9c94326cd95701f7981a386890f9142cf5a4210
framework/BallMapper.cpp,24421,7eefb97235f7fcee308b6304a85e8777ff947de9e0154823d4c09d3516409b4e
framework/R/TDABMArtifactProvenance.R,8865,6b175a732caf8fdb5ee19b475cc04e31e9da9f7e7662bfa7e8e26cd82f600455
framework/R/TDABMClaimContracts.R,3863,bb8558528c2a8e89b79f07c0e7c6c4daa8944bc4f172bbefda2886e74f29945c
framework/R/TDABMEvidenceProvenance.R,3271,7baf36a1e2c715c07eb28bc881b50a662887d50b502159beaf7109d918d33f9a
framework/R/TDABMExecution.R,17731,f7a5e75d2ea722ac6f84e5c55c29bde91163bb092dfb71a872d29a1482988da5
framework/R/TDABMFramework.R,3254,1efdf9eaf32d01965199f07e4eb64239849dec2280123bd98f96e46c1e2b8f72
framework/R/TDABMFrozenTopology.R,2296,62c2472dfa5e72149e981ca177c59a1dd2448c683be33361bae3956be3af9f3e
framework/R/TDABMInputFreeze.R,27480,fa840f6849d01faece707e85969d12129b940c1c91aedc959de9d5a2228ca049
framework/R/TDABMInterpretationRobustness.R,21217,fe24b480b7176e1010e3c443d4737c30b8ec528fc2bea17776cfb5141774bd57
framework/R/TDABMMembership.R,15700,894595b89c983ff71dcaa032e77d243331454d52792ee60003697352586539e7
framework/R/TDABMOrchestrator.R,12987,0d957215c8619095a2a6bdef00249e4b035b6bcd5cfed2210c8592ce376462d4
framework/R/TDABMOutlierDiagnostics.R,13894,d6d889c3a5e7ca4eace9e093a9ceec9e423bc7aef788ae5ace4ec88a4a2f3cea
framework/R/TDABMPaperEvidence.R,16641,5fdd1d84f5ea77bfd6c2352336fe0f0c2207d9364390540133a94971bb471352
framework/R/TDABMPaths.R,2071,c2952dc89a235d47f58c3ee4a55b86643e98c5c727468514ddd59ec86d0e77c5
framework/R/TDABMProject.R,22143,25d52fea0c45819fb490ce79c6d396b353abce696dd44386a1c95fce1e82c723
framework/R/TDABMRadiusContract.R,12036,0ef3904dcb3074218fc02f4162db843be7f1527aec4b00b6a5ad6dac8274b167
framework/R/TDABMRadiusDiagnostics.R,49648,2d139d0beeb702f0a4a16ca0acc263ce595e6fd765a04b11501c9a0231716405
framework/R/TDABMRobustness.R,20417,ab4fac52dab504aef6f2cf5090619bd0f911d9eed8739ef6135acbfe741e971a
framework/R/TDABMSemanticEquivalence.R,38304,d961b92713ad27bdc3625ca8c7de96edd32e592cb164cf8dc56594cc2e216dc7
framework/R/TDABMStageSemanticContracts.R,4163,6fd65253fd6d16e458b9bc79ea78754703089f993eb40a59f4fa1c4ffe8c5ac6
framework/R/TDABMSummaries.R,21968,e119e4497df626fb1147f0c748ba060c69b3c88dc63709a03e3b5371b4a6619d
framework/R/TDABMTopologyFreeze.R,10548,38c59573f5322404f41169dac1586cfd2613e43ecf39d876d091f7e1abc0166e
framework/R/TDABMUserRadiusContract.R,7684,309ca17f00bb396cb886a17e020d03218630df690d50cc5761e2c59a2d499a8e
framework/R/TDABMUtilities.R,16408,f449cc5b273ac9333bf09de58caa687838f8b5178b676d89c54c0b79163a14dd
framework/R/TDABMValidation.R,29151,59dc5f9f876395fc43bd7dbadeec6528590c412cda3f00e3d8aa74c5d7c76bca
framework/R/TDABMValueContracts.R,12004,df4d1d9cc7a7fe00a6ea5f269ca9b55f309c786f715c4f8eea5979c25df60b26
framework/coref.R,57188,a52954f18355b4121a8b6c0236b6a0700cdbac5690303c51cb12ed91e754ae89
framework/dependencies.csv,1043,56b965a949bcf6f34c410bbac5a8be246dedeeef34c9a9d601fdfa75fdef2f7f
manifests/CLEANUP_DECISIONS.csv,1193,42e4aa19aae7025b846622ae125dd6dc48d915ed9b4c4244d9f02380b1c58d41
manifests/CORRECTION_CHANGE_REGISTER.csv,798,143bde9cf57f4f01ae4c39aaba747359c0027d3edc5c661b05cde0ce126d52c7
manifests/SOURCE_LINEAGE.csv,11855,d46a2f23c2177032b985132dcdc33292d1a04833ded3f43aadd807d96927d6db
setup_tdabm_clean.sh,3985,ed5668633d18e07e4d956244f940c2f0d091b8c80c6c79416f28e237b1fedf7d
templates/new_application/R/ApplicationAdapter.R,521,4c4de3a6f7d2f818cf20df52800e088ff69203f6f67ff033250aa230d2465433
templates/new_application/README.md,558,eb4ac10d46f5bbf97f2754d76e41866439886f9e4bc07fa33b2d3dfb6b9aee2a
templates/new_application/config/application_contract.csv,657,13162ffaf4be84564ae230f47ea6a1185b93aef34ac9735a254ff7bf52d6aafe
templates/new_application/data/README.md,134,3a8a85009b53c0cd4caa732b07356c1cbc4a5bfba582b6b2571083e151fb3a01
templates/new_application/provenance/README.md,112,26d236116435c858dfe97a0047e1fb6c8ba6ed9c01f8689e4d9888346bffff85
templates/new_application/scripts/README.md,140,0c92bdcc0d0746361608a01373e2ee487d59654d8b62998e528a816f9b8936f4
tools/check_clean_framework.py,3566,0bf36d0d19af81fd753ac33d0c317b3543c88c77982be5dc0701f12a2d3b5945
tools/check_clean_manifest.py,1569,4b6e893d79cec3aad383dbf6525e6a42bbd3c31fb7e6c9bd258a520592090a22
tools/check_current_baseline_versions.py,1781,97964d7fb07d13844eb970aba2a17c4617890903e4a97c1e62730d79fb24ec0f
tools/check_namespace_clean.py,1693,15ecb4e3de01ba0fa63f5f2e82f3592680087aa67c8ca2e018be8b1448184a0a
tools/check_p1_4_b_signature_storage.py,2505,223daf3356d7eb89545c7af6b7c6622fa699bd10871efc3affca8d3ff8c348f8
tools/check_p1_4_landmark_index_contract.py,1975,5ebcc3c1dae792d351a32b35b837ad55a4f371b54a3a06901249f64a43588939
tools/check_r_data_table_mutation_contracts.py,4898,c733ada7a9348ebab1faebc7ba0292a73f951b9258d5d8048de0a2fa2fe7803d
tools/check_r_regex_pattern_contracts.py,3278,bb15ca0b7ddff1119437247b595543c8e1398d4e6554a420c14b3c7f9c4a739a
tools/check_r_structure.py,1910,7084219d33989958de76a6c45ffc6b65bd8a8abe51de5b619a43adb045cf16a9
tools/check_radius_policy.py,2606,58453850194453d7cedad7e750804d83645c0b1019f2f85f0f555e04533bf465
tools/check_release_identity.py,1422,dfba691cbd8d89dee086341054040feb60f033c1b60f4a2d039d6e990d891ef9
tools/create_application_scaffold.py,979,ec3e68cc245228f6e46a4d0c3e84950df3c6750e80a00b115110d82859f1fa17
tools/install_dependencies.R,435,07786a436800ec2ffd70f411c3371d849b8a94e99ea21c18d98371105f144256
tools/make_clean_release_zip.sh,889,13f666f67d0268e3db37f2b56d26ecdcc726b93c61d452a87adcd8ee70b516d0
tools/run_clean_baseline_validation.sh,4912,b4740b170fade69cc2266ebbbf4a0074f48b2b53efb8631ec365f473bc89b1f3
tools/test_clean_setup_status_semantics.py,1163,ffd226c469a66973498b4f855d9a8063d757db5f6313f27560852922ccab8d13
tools/test_exclusion_contract_and_outlier_suggestions.R,5465,37dfdfe750a70794644f640d513af8758e0676fed2de8cf3e9266a3f491c3d3e
tools/test_framework_source_loading.R,1016,1ee6af9a8fe7532c8b436bc2c343450e473c3c45bb3c9529bb2b67819a59f4e3
tools/test_p1_4_a_input_contracts.R,5170,4dc1a9e9adbfecaf1f3e2fadfccd32222434757e61250cfd51d912f44e671704
tools/test_p1_4_b_radius_diagnostics.R,10945,e395b79130496b6cff8a9dfa10ffff9ceda4e6fdfda2cfb6683cb1dabc93ae6e
tools/test_p1_4_c_topology_contracts.R,3861,335245d9f109fad9a564edf68646ab8997991f4c644c0f7267e2df1625152625
tools/test_p1_4_d_interpretation_robustness.R,1892,9f526b3035556b0a703cce671ed84617ae0f4393abc0af43a587b50daa71b687
tools/test_p1_4_d_paper_evidence.R,1822,a5e7432423bfa1cc603786c62d3973cef028b93071c74c821acefd20b5c20a4a
tools/test_radius_policy_nonbinding_contract.R,3941,60ae9199c5571a1b1463dd74267edb90da54138d4d18ae19c6b2b9611d0c75ba
tools/test_semantic_equivalence_comparator.R,7027,e890e668537c09afd3a35b670d67c97e5fec61243f805c8e3f38e16f43d0699e
