clean_relative_path,source_release,source_relative_path,source_sha256,clean_sha256,action
framework/BMCLAUDE3.R,TDABM_Portable_Framework_P1_4_D_v1_0,framework/BMCLAUDE3.R,21f5d908ef9a72b5f7bf364a682e1788d7757abb1d7e2318e7668f44be49598b,547d65a8be8c508b652ae234d9c94326cd95701f7981a386890f9142cf5a4210,copied_from_accepted_P1_4_D; comments_scrubbed_only
framework/BallMapper.cpp,TDABM_Portable_Framework_P1_4_D_v1_0,framework/BallMapper.cpp,7eefb97235f7fcee308b6304a85e8777ff947de9e0154823d4c09d3516409b4e,7eefb97235f7fcee308b6304a85e8777ff947de9e0154823d4c09d3516409b4e,copied_byte_for_byte_from_accepted_P1_4_D
framework/coref.R,TDABM_Portable_Framework_P1_4_D_v1_0,framework/coref.R,a52954f18355b4121a8b6c0236b6a0700cdbac5690303c51cb12ed91e754ae89,a52954f18355b4121a8b6c0236b6a0700cdbac5690303c51cb12ed91e754ae89,copied_byte_for_byte_from_accepted_P1_4_D
framework/dependencies.csv,TDABM_Portable_Framework_P1_4_D_v1_0,framework/dependencies.csv,56b965a949bcf6f34c410bbac5a8be246dedeeef34c9a9d601fdfa75fdef2f7f,56b965a949bcf6f34c410bbac5a8be246dedeeef34c9a9d601fdfa75fdef2f7f,copied_byte_for_byte_from_accepted_P1_4_D
framework/R/TDABMArtifactProvenance.R,TDABM_Portable_Framework_P1_4_D_v1_0,framework/R/TDABMArtifactProvenance.R,6b175a732caf8fdb5ee19b475cc04e31e9da9f7e7662bfa7e8e26cd82f600455,6b175a732caf8fdb5ee19b475cc04e31e9da9f7e7662bfa7e8e26cd82f600455,copied_byte_for_byte_from_accepted_P1_4_D
framework/R/TDABMClaimContracts.R,TDABM_Portable_Framework_P1_4_D_v1_0,framework/R/TDABMClaimContracts.R,bb8558528c2a8e89b79f07c0e7c6c4daa8944bc4f172bbefda2886e74f29945c,bb8558528c2a8e89b79f07c0e7c6c4daa8944bc4f172bbefda2886e74f29945c,copied_byte_for_byte_from_accepted_P1_4_D
framework/R/TDABMEvidenceProvenance.R,TDABM_Portable_Framework_P1_4_D_v1_0,framework/R/TDABMEvidenceProvenance.R,7baf36a1e2c715c07eb28bc881b50a662887d50b502159beaf7109d918d33f9a,7baf36a1e2c715c07eb28bc881b50a662887d50b502159beaf7109d918d33f9a,copied_byte_for_byte_from_accepted_P1_4_D
framework/R/TDABMExecution.R,TDABM_Portable_Framework_P1_4_D_v1_0,framework/R/TDABMExecution.R,f7a5e75d2ea722ac6f84e5c55c29bde91163bb092dfb71a872d29a1482988da5,f7a5e75d2ea722ac6f84e5c55c29bde91163bb092dfb71a872d29a1482988da5,copied_byte_for_byte_from_accepted_P1_4_D
framework/R/TDABMFramework.R,TDABM_Portable_Framework_P1_4_D_v1_0,framework/R/TDABMFramework.R,1efdf9eaf32d01965199f07e4eb64239849dec2280123bd98f96e46c1e2b8f72,1efdf9eaf32d01965199f07e4eb64239849dec2280123bd98f96e46c1e2b8f72,copied_byte_for_byte_from_accepted_P1_4_D
framework/R/TDABMFrozenTopology.R,TDABM_Portable_Framework_P1_4_D_v1_0,framework/R/TDABMFrozenTopology.R,62c2472dfa5e72149e981ca177c59a1dd2448c683be33361bae3956be3af9f3e,62c2472dfa5e72149e981ca177c59a1dd2448c683be33361bae3956be3af9f3e,copied_byte_for_byte_from_accepted_P1_4_D
framework/R/TDABMInputFreeze.R,TDABM_Portable_Framework_P1_4_D_v1_0,framework/R/TDABMInputFreeze.R,fa840f6849d01faece707e85969d12129b940c1c91aedc959de9d5a2228ca049,fa840f6849d01faece707e85969d12129b940c1c91aedc959de9d5a2228ca049,copied_byte_for_byte_from_accepted_P1_4_D
framework/R/TDABMInterpretationRobustness.R,TDABM_Portable_Framework_P1_4_D_v1_0,framework/R/TDABMInterpretationRobustness.R,fe24b480b7176e1010e3c443d4737c30b8ec528fc2bea17776cfb5141774bd57,fe24b480b7176e1010e3c443d4737c30b8ec528fc2bea17776cfb5141774bd57,copied_byte_for_byte_from_accepted_P1_4_D
framework/R/TDABMMembership.R,TDABM_Portable_Framework_P1_4_D_v1_0,framework/R/TDABMMembership.R,894595b89c983ff71dcaa032e77d243331454d52792ee60003697352586539e7,894595b89c983ff71dcaa032e77d243331454d52792ee60003697352586539e7,copied_byte_for_byte_from_accepted_P1_4_D
framework/R/TDABMOrchestrator.R,TDABM_Portable_Framework_P1_4_D_v1_0,framework/R/TDABMOrchestrator.R,0d957215c8619095a2a6bdef00249e4b035b6bcd5cfed2210c8592ce376462d4,0d957215c8619095a2a6bdef00249e4b035b6bcd5cfed2210c8592ce376462d4,copied_byte_for_byte_from_accepted_P1_4_D
framework/R/TDABMOutlierDiagnostics.R,TDABM_Portable_Framework_P1_4_D_v1_0,framework/R/TDABMOutlierDiagnostics.R,d6d889c3a5e7ca4eace9e093a9ceec9e423bc7aef788ae5ace4ec88a4a2f3cea,d6d889c3a5e7ca4eace9e093a9ceec9e423bc7aef788ae5ace4ec88a4a2f3cea,copied_byte_for_byte_from_accepted_P1_4_D
framework/R/TDABMPaperEvidence.R,TDABM_Portable_Framework_P1_4_D_v1_0,framework/R/TDABMPaperEvidence.R,5fdd1d84f5ea77bfd6c2352336fe0f0c2207d9364390540133a94971bb471352,5fdd1d84f5ea77bfd6c2352336fe0f0c2207d9364390540133a94971bb471352,copied_byte_for_byte_from_accepted_P1_4_D
framework/R/TDABMPaths.R,TDABM_Portable_Framework_P1_4_D_v1_0,framework/R/TDABMPaths.R,c2952dc89a235d47f58c3ee4a55b86643e98c5c727468514ddd59ec86d0e77c5,c2952dc89a235d47f58c3ee4a55b86643e98c5c727468514ddd59ec86d0e77c5,copied_byte_for_byte_from_accepted_P1_4_D
framework/R/TDABMProject.R,TDABM_Portable_Framework_P1_4_D_v1_0,framework/R/TDABMProject.R,25d52fea0c45819fb490ce79c6d396b353abce696dd44386a1c95fce1e82c723,25d52fea0c45819fb490ce79c6d396b353abce696dd44386a1c95fce1e82c723,copied_byte_for_byte_from_accepted_P1_4_D
framework/R/TDABMRadiusContract.R,TDABM_Portable_Framework_P1_4_D_v1_0,framework/R/TDABMRadiusContract.R,0ef3904dcb3074218fc02f4162db843be7f1527aec4b00b6a5ad6dac8274b167,0ef3904dcb3074218fc02f4162db843be7f1527aec4b00b6a5ad6dac8274b167,copied_byte_for_byte_from_accepted_P1_4_D
framework/R/TDABMRadiusDiagnostics.R,TDABM_Portable_Framework_P1_4_D_v1_0,framework/R/TDABMRadiusDiagnostics.R,c1886b90088f96c01bde2f4a6b9bba0f73175069341c4c3fdd42b6055c2c8561,c1886b90088f96c01bde2f4a6b9bba0f73175069341c4c3fdd42b6055c2c8561,copied_byte_for_byte_from_accepted_P1_4_D
framework/R/TDABMRobustness.R,TDABM_Portable_Framework_P1_4_D_v1_0,framework/R/TDABMRobustness.R,ab4fac52dab504aef6f2cf5090619bd0f911d9eed8739ef6135acbfe741e971a,ab4fac52dab504aef6f2cf5090619bd0f911d9eed8739ef6135acbfe741e971a,copied_byte_for_byte_from_accepted_P1_4_D
framework/R/TDABMSemanticEquivalence.R,TDABM_Portable_Framework_P1_4_D_v1_0,framework/R/TDABMSemanticEquivalence.R,d961b92713ad27bdc3625ca8c7de96edd32e592cb164cf8dc56594cc2e216dc7,d961b92713ad27bdc3625ca8c7de96edd32e592cb164cf8dc56594cc2e216dc7,copied_byte_for_byte_from_accepted_P1_4_D
framework/R/TDABMStageSemanticContracts.R,TDABM_Portable_Framework_P1_4_D_v1_0,framework/R/TDABMStageSemanticContracts.R,6fd65253fd6d16e458b9bc79ea78754703089f993eb40a59f4fa1c4ffe8c5ac6,6fd65253fd6d16e458b9bc79ea78754703089f993eb40a59f4fa1c4ffe8c5ac6,copied_byte_for_byte_from_accepted_P1_4_D
framework/R/TDABMSummaries.R,TDABM_Portable_Framework_P1_4_D_v1_0,framework/R/TDABMSummaries.R,e119e4497df626fb1147f0c748ba060c69b3c88dc63709a03e3b5371b4a6619d,e119e4497df626fb1147f0c748ba060c69b3c88dc63709a03e3b5371b4a6619d,copied_byte_for_byte_from_accepted_P1_4_D
framework/R/TDABMTopologyFreeze.R,TDABM_Portable_Framework_P1_4_D_v1_0,framework/R/TDABMTopologyFreeze.R,38c59573f5322404f41169dac1586cfd2613e43ecf39d876d091f7e1abc0166e,38c59573f5322404f41169dac1586cfd2613e43ecf39d876d091f7e1abc0166e,copied_byte_for_byte_from_accepted_P1_4_D
framework/R/TDABMUserRadiusContract.R,TDABM_Portable_Framework_P1_4_D_v1_0,framework/R/TDABMUserRadiusContract.R,4cb0580c8e714febb838ec4c51193c3ac6e96a51987b23e63afcc6111dd96e6b,4cb0580c8e714febb838ec4c51193c3ac6e96a51987b23e63afcc6111dd96e6b,copied_byte_for_byte_from_accepted_P1_4_D
framework/R/TDABMUtilities.R,TDABM_Portable_Framework_P1_4_D_v1_0,framework/R/TDABMUtilities.R,f449cc5b273ac9333bf09de58caa687838f8b5178b676d89c54c0b79163a14dd,f449cc5b273ac9333bf09de58caa687838f8b5178b676d89c54c0b79163a14dd,copied_byte_for_byte_from_accepted_P1_4_D
framework/R/TDABMValidation.R,TDABM_Portable_Framework_P1_4_D_v1_0,framework/R/TDABMValidation.R,59dc5f9f876395fc43bd7dbadeec6528590c412cda3f00e3d8aa74c5d7c76bca,59dc5f9f876395fc43bd7dbadeec6528590c412cda3f00e3d8aa74c5d7c76bca,copied_byte_for_byte_from_accepted_P1_4_D
framework/R/TDABMValueContracts.R,TDABM_Portable_Framework_P1_4_D_v1_0,framework/R/TDABMValueContracts.R,df4d1d9cc7a7fe00a6ea5f269ca9b55f309c786f715c4f8eea5979c25df60b26,df4d1d9cc7a7fe00a6ea5f269ca9b55f309c786f715c4f8eea5979c25df60b26,copied_byte_for_byte_from_accepted_P1_4_D
tools/install_dependencies.R,TDABM_Portable_Framework_P1_4_D_v1_0,tools/install_dependencies.R,07786a436800ec2ffd70f411c3371d849b8a94e99ea21c18d98371105f144256,07786a436800ec2ffd70f411c3371d849b8a94e99ea21c18d98371105f144256,copied_byte_for_byte_from_accepted_P1_4_D
tools/test_exclusion_contract_and_outlier_suggestions.R,TDABM_Portable_Framework_P1_4_D_v1_0,tools/test_exclusion_contract_and_outlier_suggestions.R,37dfdfe750a70794644f640d513af8758e0676fed2de8cf3e9266a3f491c3d3e,37dfdfe750a70794644f640d513af8758e0676fed2de8cf3e9266a3f491c3d3e,copied_byte_for_byte_from_accepted_P1_4_D
tools/test_semantic_equivalence_comparator.R,TDABM_Portable_Framework_P1_4_D_v1_0,tools/test_semantic_equivalence_comparator.R,c8cbc1eb85c7d641ce1e11243cfb0c38e2fe439d903686fedd7f97612827bb66,e890e668537c09afd3a35b670d67c97e5fec61243f805c8e3f38e16f43d0699e,copied_from_accepted_P1_4_D; synthetic_label_scrubbed_only
tools/test_p1_4_a_input_contracts.R,TDABM_Portable_Framework_P1_4_D_v1_0,tools/test_p1_4_a_input_contracts.R,4dc1a9e9adbfecaf1f3e2fadfccd32222434757e61250cfd51d912f44e671704,4dc1a9e9adbfecaf1f3e2fadfccd32222434757e61250cfd51d912f44e671704,copied_byte_for_byte_from_accepted_P1_4_D
tools/test_p1_4_b_radius_diagnostics.R,TDABM_Portable_Framework_P1_4_D_v1_0,tools/test_p1_4_b_radius_diagnostics.R,105ce807213fff392fd6d8ebd8363504df45f754697558423b073aa85bc91ccb,e3302cfc26ba5e29aecf34e32c2ffa80b74ba9502be443c9b0ebb03134c3ea55,copied_from_accepted_P1_4_D; comment_scrubbed_only
tools/test_p1_4_c_topology_contracts.R,TDABM_Portable_Framework_P1_4_D_v1_0,tools/test_p1_4_c_topology_contracts.R,93b19e50d155047c7eda47cf7884c653f78f8847cbfed7a7816044d8246d3629,93b19e50d155047c7eda47cf7884c653f78f8847cbfed7a7816044d8246d3629,copied_byte_for_byte_from_accepted_P1_4_D
tools/test_p1_4_d_paper_evidence.R,TDABM_Portable_Framework_P1_4_D_v1_0,tools/test_p1_4_d_paper_evidence.R,a5e7432423bfa1cc603786c62d3973cef028b93071c74c821acefd20b5c20a4a,a5e7432423bfa1cc603786c62d3973cef028b93071c74c821acefd20b5c20a4a,copied_byte_for_byte_from_accepted_P1_4_D
tools/test_p1_4_d_interpretation_robustness.R,TDABM_Portable_Framework_P1_4_D_v1_0,tools/test_p1_4_d_interpretation_robustness.R,9f526b3035556b0a703cce671ed84617ae0f4393abc0af43a587b50daa71b687,9f526b3035556b0a703cce671ed84617ae0f4393abc0af43a587b50daa71b687,copied_byte_for_byte_from_accepted_P1_4_D
tools/check_r_data_table_mutation_contracts.py,TDABM_Portable_Framework_P1_4_D_v1_0,tools/check_r_data_table_mutation_contracts.py,c733ada7a9348ebab1faebc7ba0292a73f951b9258d5d8048de0a2fa2fe7803d,c733ada7a9348ebab1faebc7ba0292a73f951b9258d5d8048de0a2fa2fe7803d,copied_byte_for_byte_from_accepted_P1_4_D
tools/check_r_regex_pattern_contracts.py,TDABM_Portable_Framework_P1_4_D_v1_0,tools/check_r_regex_pattern_contracts.py,bb15ca0b7ddff1119437247b595543c8e1398d4e6554a420c14b3c7f9c4a739a,bb15ca0b7ddff1119437247b595543c8e1398d4e6554a420c14b3c7f9c4a739a,copied_byte_for_byte_from_accepted_P1_4_D
tools/check_r_structure.py,TDABM_Portable_Framework_P1_4_D_v1_0,tools/check_r_structure.py,7084219d33989958de76a6c45ffc6b65bd8a8abe51de5b619a43adb045cf16a9,7084219d33989958de76a6c45ffc6b65bd8a8abe51de5b619a43adb045cf16a9,copied_byte_for_byte_from_accepted_P1_4_D
tools/check_p1_4_b_signature_storage.py,TDABM_Portable_Framework_P1_4_D_v1_0,tools/check_p1_4_b_signature_storage.py,223daf3356d7eb89545c7af6b7c6622fa699bd10871efc3affca8d3ff8c348f8,223daf3356d7eb89545c7af6b7c6622fa699bd10871efc3affca8d3ff8c348f8,copied_byte_for_byte_from_accepted_P1_4_D
tools/check_p1_4_landmark_index_contract.py,TDABM_Portable_Framework_P1_4_D_v1_0,tools/check_p1_4_landmark_index_contract.py,5ebcc3c1dae792d351a32b35b837ad55a4f371b54a3a06901249f64a43588939,5ebcc3c1dae792d351a32b35b837ad55a4f371b54a3a06901249f64a43588939,copied_byte_for_byte_from_accepted_P1_4_D
