"relative_path","bytes","sha256","topology_fingerprint_sha256"
"results/00_preflight_audit.csv",301,"346df19527ac99dd09be4eddcf642b6e34197e08ee0899dea4ff9d2017f835f6","23d060eb8c4518192d55066752ca23a7d42caf0da43657eddfb3aca41b360051"
"results/24_ball_categorical_composition_full.csv",31298,"750174889fb45c99dff89ff87a0dcde2919d84697613292c12dbe45bb90eb6b9","23d060eb8c4518192d55066752ca23a7d42caf0da43657eddfb3aca41b360051"
"results/24_ball_descriptive_signatures.csv",9353,"d48afb751ae361822764145ae54bf914c160a36921aee5fdd2868060d2ee7fab","23d060eb8c4518192d55066752ca23a7d42caf0da43657eddfb3aca41b360051"
"results/24_ball_graph_context.csv",1044,"bfdb320d2696b71e1d08dc3525937e0c8d90abd2e62b913931c3dc55d34f97eb","23d060eb8c4518192d55066752ca23a7d42caf0da43657eddfb3aca41b360051"
"results/24_ball_interpretation_matrix.csv",28216,"b0f982a71e8ebeebf43522721dfc8a4d63c83c196e62eb58d5137b39bd424afa","23d060eb8c4518192d55066752ca23a7d42caf0da43657eddfb3aca41b360051"
"results/24_ball_membership_context.csv",1173,"9ffec35ca3884d1a65d63ce4f0a07da9eefc187d6c8cd8746d908c64d4ba1fce","23d060eb8c4518192d55066752ca23a7d42caf0da43657eddfb3aca41b360051"
"results/24_ball_representative_lsoas.csv",5358,"914f9663cd6ff187784204638130b97de8f5231dc66010a72ac9fa29fb9f53ec","23d060eb8c4518192d55066752ca23a7d42caf0da43657eddfb3aca41b360051"
"results/all_readout_order_radius_robustness_summary.csv",22626,"36121e66f98b75f808b7d363425053766172cee7d1c8d4467a1dd265742edc81","23d060eb8c4518192d55066752ca23a7d42caf0da43657eddfb3aca41b360051"
"results/ball_nearest_profile_comparators.csv",1623,"5d9d42ac4317c5eadaeeb69f444c51409d9045bfb7fc6fb9c762cb7fc660c25e","23d060eb8c4518192d55066752ca23a7d42caf0da43657eddfb3aca41b360051"
"results/ball_pairwise_configuration_contrasts.csv",86458,"0c411412de57b0ed2531a85a6a1896db3f013a2fba6ebf79fd0b1f7e3f481783","23d060eb8c4518192d55066752ca23a7d42caf0da43657eddfb3aca41b360051"
"results/ball_top_categorical_composition.csv",12473,"f3900aa70483e8b59d24de7526dba03dfd7efca59275dd396ff213386f4bc21a","23d060eb8c4518192d55066752ca23a7d42caf0da43657eddfb3aca41b360051"
"results/candidate_claim_evidence_register.csv",2537,"89aade93e1dd2fde4d473d1a607ea6364392d810cb247d4868f91341a1a76d80","23d060eb8c4518192d55066752ca23a7d42caf0da43657eddfb3aca41b360051"
"results/candidate_non_scalar_contrast_shortlist.csv",7617,"74a07dc2dda457aef2cd1f6710472ccab496c5659ec7a7a01e20a54e9cd27324","23d060eb8c4518192d55066752ca23a7d42caf0da43657eddfb3aca41b360051"
"results/categorical_readout_robustness_evidence.csv",1284,"f63784813ab0eebb4dacdb1c9ab34fd4291e3587b1bde05c7458b95fd17c8ebb","23d060eb8c4518192d55066752ca23a7d42caf0da43657eddfb3aca41b360051"
"results/conditional_extension_trigger_register.csv",1565,"475819d1b5c4cf5e76287ebbe3a5dfb2394e642bf8693d45aa5a21b0721dafcf","23d060eb8c4518192d55066752ca23a7d42caf0da43657eddfb3aca41b360051"
"results/core_variable_robustness_evidence.csv",904,"532c72d158afab81f9ede5edf4a848b239cd5ba663722a52c784516360fa698a","23d060eb8c4518192d55066752ca23a7d42caf0da43657eddfb3aca41b360051"
"results/EVIDENCE_CLOSURE_validation_report.csv",366,"2cb9d35ae6a2144a69324d36fbea3828048d9aa5ac0b7f5c8b991d1e56711887","23d060eb8c4518192d55066752ca23a7d42caf0da43657eddfb3aca41b360051"
"results/INTERPRETATION_REVIEW.md",8240,"f7ebf5f3eb6af96188659b4cf6bf797f8ac5fe60cd65238b7f2c4012d423de03","23d060eb8c4518192d55066752ca23a7d42caf0da43657eddfb3aca41b360051"
"results/kmeans_alignment_by_ball.csv",669,"9fca14b571b59dc560f398890ef74011750a4dd5a9fcdc9bfd6beb10bd6bb83f","23d060eb8c4518192d55066752ca23a7d42caf0da43657eddfb3aca41b360051"
"results/robustness_evidence_status.csv",439,"6a3db0d11ee05740fe37a6180c136ddb888d9550724db94d8872069feff65dc1","23d060eb8c4518192d55066752ca23a7d42caf0da43657eddfb3aca41b360051"
"figures/24_ball_context_readout_heatmap.pdf",5617,"b2249f9cd37c562fc9b636ed371fec573dbc6c228f66f5b788e014ab59c689aa","23d060eb8c4518192d55066752ca23a7d42caf0da43657eddfb3aca41b360051"
"figures/24_ball_context_readout_heatmap.png",38242,"58be65cfd35f4879249dd8d0b0f98758303d11163ccf65656518a23b32723753","23d060eb8c4518192d55066752ca23a7d42caf0da43657eddfb3aca41b360051"
"figures/24_ball_topology_axis_heatmap.pdf",5256,"2fecb56a208f820b15321a6215167c61a88f43f1a5fc4c0b409438f5c1afb675","23d060eb8c4518192d55066752ca23a7d42caf0da43657eddfb3aca41b360051"
"figures/24_ball_topology_axis_heatmap.png",33633,"b351653ff1b5af54792c4b4ac97f3c637b792109c5da8417d0d06d5d20a02633","23d060eb8c4518192d55066752ca23a7d42caf0da43657eddfb3aca41b360051"
