file,bytes,sha256
data_raw/dft/connectivity_metrics_2025.ods,68164574,4f6589aeb3b3f51a26dae6d9d27c45188c36512a3dc052d848b4dc665cb16476
data_raw/dft/jts0507_food_stores_2019.ods,29144861,b0dc4e2c3d58056e37ec071eca85a42767c7008fb818477fe3001ee53534a87d
data_raw/nomis/census2021-ts011.zip,2765908,e7133720f12ed092580e2b815ca6a522f51adfe9e7b2fe272c4a7eefd26389af
data_raw/nomis/census2021-ts045.zip,2657395,95593dcd53247d4458e97edd7454577a63e47fd43be957f0a2460e872efdc070
data_raw/ons/lsoa21_attributes_00000.json,289129,b782d23ae84ff00aaea3c681edbb569affd42ea3bf7f31e252d6f62da4af93a5
data_raw/ons/lsoa21_attributes_02000.json,292183,89ea7c307a1ddf2907e02a3a08c2ec7ecc1d2150d5002c20f66501e6c257fd5d
data_raw/ons/lsoa21_attributes_04000.json,289895,565db6cb00499f0f18417905419a38a11a85c7e42cc5e866a1750a6b335d9d08
data_raw/ons/lsoa21_attributes_06000.json,290314,4388bddbe516c4eab91b87dbc4d1f70c57aca303b482ffaaaa7ca7665c402e7a
data_raw/ons/lsoa21_attributes_08000.json,292271,08de555aeb9f058500ed4d803aa00af63de4d8b67a66f08aab665b6de7c5abaa
data_raw/ons/lsoa21_attributes_10000.json,291548,4df8316ed07630349866ffbc80adc7ba3246d64d6c48e7a3e029e047f6a4f980
data_raw/ons/lsoa21_attributes_12000.json,300416,92f6cbf20661c4bdd21d4d39475ba6f5642365fa2eb5f2b036c8816cf9bcf09a
data_raw/ons/lsoa21_attributes_14000.json,299152,1b001c1e89136948a72bd3867b8dfb6c04258e3453963158975b8feaeba530af
data_raw/ons/lsoa21_attributes_16000.json,301345,8b90c08f85bd643fc2fcc2ec860b9172dc9dd7335ca83d4f0ab84d2f76b5a072
data_raw/ons/lsoa21_attributes_18000.json,293455,7fc6c32f6cf0393c424b8339b2ddd0ce108b25f211384a1ee5192f2019d16d32
data_raw/ons/lsoa21_attributes_20000.json,291486,3af390cefcf0e55f96886c7c528bfe807111eb7ac9798efe4b12a3ede4c610f1
data_raw/ons/lsoa21_attributes_22000.json,292849,4fe82beca52599d15b9b7fe61e00140460ce81c3cef2334b11c3a25f992d287f
data_raw/ons/lsoa21_attributes_24000.json,300962,323824b7262191520dee8ddc3d36df745a503a20a90c2f600eed7100cc87bce0
data_raw/ons/lsoa21_attributes_26000.json,296050,b53d7c5422806cfc545860aaee74a7d0c01a0067d2184166256e757950daa272
data_raw/ons/lsoa21_attributes_28000.json,295418,b23aca6dfb90d0ea791f29c2454577ad5b66bcc813e2ce105e313ad212ec307d
data_raw/ons/lsoa21_attributes_30000.json,293228,e6fd7a4de3dc0407c8916ce0c6da71ce29bb2ee689744ce63056912110570f0d
data_raw/ons/lsoa21_attributes_32000.json,259393,10c0aecd6d1c160ad90a1c0a85826c3888c8316bf1c9b4a6308d096925b1875e
data_staged/census_capability_baseline.csv,9802224,f31e3358807d134382f5b206bcb0d1df149a9cdf8adc0eac3d31456ca5761734
data_staged/census_ts011_deprivation_lsoa21.csv,4462301,3562cc83ac3fd94430cbe47f43a8959691a1024143bf9b68e35c89999157d439
data_staged/census_ts045_car_availability_lsoa21.csv,4001364,0124266d2d82c88f1500175d385bb7d865a4ae8740530f21fbf364585863ea15
data_staged/hfa_f0f1_baseline.csv,9802224,f31e3358807d134382f5b206bcb0d1df149a9cdf8adc0eac3d31456ca5761734
data_staged/lsoa21_spine.csv,2047435,43bf7a015316a7e6cacb3b4309d6d05183014701ba06d7e541e26e538478e4e2
config/source_register_seed.csv,2403,4319419efbdfa6871fb4b89c73374aea2ace6ae5aa668739c7dfda6325ec0876
config/student_audit_targets.csv,996,ab4a7a31cd646a7f8b1ba9b705442f1cb31a6ff7393f6146cf199fecdf374fff
