"artifact","bytes","sha256","stage","topology_fingerprint_sha256"
"00_spatial_preflight_audit.csv",382,"3b0e65368207433744511fba8f57984bae008a3cee5472e3e892146b0a2608cd","targeted_spatial_closure","23d060eb8c4518192d55066752ca23a7d42caf0da43657eddfb3aca41b360051"
"24_ball_spatial_closure.csv",8725,"6177dcac3dd35935170c551f80d3b0f32cdddc1366c92d99272cfc1d108d47ea","targeted_spatial_closure","23d060eb8c4518192d55066752ca23a7d42caf0da43657eddfb3aca41b360051"
"canonical_spatial_representative_points.csv",2259439,"b5184f2223c94e2fcf950b62ebcc4e06f17d5a902cb402f4ceec218d41a2d216","targeted_spatial_closure","23d060eb8c4518192d55066752ca23a7d42caf0da43657eddfb3aca41b360051"
"configuration_geography_distance_deciles.csv",1972,"089a7bd0ac7d3d2c9af59c03f83cff8e705abd761e2354180bfae26e6b7025a7","targeted_spatial_closure","23d060eb8c4518192d55066752ca23a7d42caf0da43657eddfb3aca41b360051"
"configuration_geography_pair_sample.csv.gz",12735479,"683d50403ef53ac15a3e66ffc095dae9470cd3c643eb2fe4c84ba83174f13aa0","targeted_spatial_closure","23d060eb8c4518192d55066752ca23a7d42caf0da43657eddfb3aca41b360051"
"configuration_geography_pair_summary.csv",367,"ca8ed76ea62c13256cc21aec54b5c6aae12bec0b065f03818365138460440522","targeted_spatial_closure","23d060eb8c4518192d55066752ca23a7d42caf0da43657eddfb3aca41b360051"
"long_distance_topological_neighbour_examples.csv",49945,"37ef0781673ec4c6a7358be36f5c371f4dcf4e3436744f5304cc3026ce1de16f","targeted_spatial_closure","23d060eb8c4518192d55066752ca23a7d42caf0da43657eddfb3aca41b360051"
"non_scalar_contrast_spatial_context.csv",6734,"8ceddfc3c10fc985866d9598bb7d208710258ac36b5ff193298b2afb37d3dcbb","targeted_spatial_closure","23d060eb8c4518192d55066752ca23a7d42caf0da43657eddfb3aca41b360051"
"post_spatial_extension_gate.csv",1264,"af5166a271c1ae83f86d704f1f9fb70b4fbfbdc7e7e71c1f073517805610781f","targeted_spatial_closure","23d060eb8c4518192d55066752ca23a7d42caf0da43657eddfb3aca41b360051"
"queen_adjacency_edges.csv.gz",589876,"f13430c759d34acda92a9c67b3766a708b8258fd2978b84617540a15402c0ee6","targeted_spatial_closure","23d060eb8c4518192d55066752ca23a7d42caf0da43657eddfb3aca41b360051"
"queen_adjacency_summary.csv",140,"ca6b0d94fddc93d920fe763ddd49d0a3e71e24dde0bfd6b9ef14f3c289830906","targeted_spatial_closure","23d060eb8c4518192d55066752ca23a7d42caf0da43657eddfb3aca41b360051"
"spatial_autocorrelation_descriptive.csv",3991,"405e550cda24ebc6909ea6a50867bbe946f93af12a790ff22d4fc149ac262830","targeted_spatial_closure","23d060eb8c4518192d55066752ca23a7d42caf0da43657eddfb3aca41b360051"
"spatial_claim_evidence_register.csv",1879,"fce6549567ee36adda45228daa7fb10149d5c5cbcc7e423ce31a01091bc35e8a","targeted_spatial_closure","23d060eb8c4518192d55066752ca23a7d42caf0da43657eddfb3aca41b360051"
"SPATIAL_CLOSURE_validation_report.csv",398,"dff20317037d73999c54bf95573e9bd7a59aafb01d7404fe943fdd81c66898a5","targeted_spatial_closure","23d060eb8c4518192d55066752ca23a7d42caf0da43657eddfb3aca41b360051"
"spatial_geometry_candidate_inventory.csv",3545,"893d0d432e2a1febd56a94a6c330c214bd1121720499342c31d56a66e1e95fe9","targeted_spatial_closure","23d060eb8c4518192d55066752ca23a7d42caf0da43657eddfb3aca41b360051"
"spatial_geometry_manifest.csv",2291,"1b81e71a92158efbb8c65f8f520484fe4337bc54f3642f1c506f5ce4b5c4c3c8","targeted_spatial_closure","23d060eb8c4518192d55066752ca23a7d42caf0da43657eddfb3aca41b360051"
"topology_geography_knn_point_summary.csv.gz",2090988,"b9bbde5da2a4d9f9458fac2c39bd621bfb3f3f9c8b7ac26fcb7301fb5e90e91a","targeted_spatial_closure","23d060eb8c4518192d55066752ca23a7d42caf0da43657eddfb3aca41b360051"
"topology_geography_knn_summary.csv",733,"1ed0ce2c841a00af162fbd799f343554dff9c33af03fc08637ff2d7ff7c64f66","targeted_spatial_closure","23d060eb8c4518192d55066752ca23a7d42caf0da43657eddfb3aca41b360051"
