"candidate_id","target","file","column","column_normalised","file_priority","name_score","representation_score","validation_pass","validation_detail","total_score","selection_reason","equivalent_authoritative_candidate_count","source_sha256"
29,"ruc_category","<PROJECT_ROOT>/FoodDeserts_HFA_Replication_Worktree_v1_0/pipeline/05_mobility_material/data_staged/hfa_f4_capability_dataset.csv","ruc2021","ruc2021",40,80,100,TRUE,"coverage=33755;unique=6",180,"authoritative_fields_partition_equivalent_prefer_descriptive_label",5,"5ad323e7049f5557b921a85f433f1a06cae4779aa30cee12b2878a5935609c17"
37,"iuc_category","<PROJECT_ROOT>/FoodDeserts_HFA_Replication_Worktree_v1_0/pipeline/06_contextual_readouts/data_staged/hfa_f5_digital_readout_dataset.csv","iuc_group_label","iuc_group_label",40,225,300,TRUE,"coverage=31810;unique=10",525,"authoritative_fields_partition_equivalent_prefer_descriptive_label",2,"18b8eb71c566ed131ee83bfa40dd3d75272d83968eca572e0652373aa2c77dde"
2,"tcm_shopping_walk","<PROJECT_ROOT>/FoodDeserts_HFA_Replication_Worktree_v1_0/pipeline/04_retail_access/data_staged/hfa_f2a_inherited.csv","tcm2025_connectivity_scores_at_the_lower_super_output_level_england_wales_source_department_for_transport_connectivity_metric_2025_shopping_walking","tcm2025_connectivity_scores_at_the_lower_super_output_level_england_wales_source_department_for_transport_connectivity_metric_2025_shopping_walking",40,170,0,TRUE,"finite=33755;unique=7930;range=0.02:99.07",170,"top_scoring_fields_literal_equivalence",6,"e361b2ca994ec032929d4ce2141b6809b2a6fb3c9be7fcf1e88aa0e51ce9aead"
3,"tcm_shopping_cycle","<PROJECT_ROOT>/FoodDeserts_HFA_Replication_Worktree_v1_0/pipeline/04_retail_access/data_staged/hfa_f2a_inherited.csv","tcm2025_connectivity_scores_at_the_lower_super_output_level_england_wales_source_department_for_transport_connectivity_metric_2025_shopping_cycling","tcm2025_connectivity_scores_at_the_lower_super_output_level_england_wales_source_department_for_transport_connectivity_metric_2025_shopping_cycling",40,170,0,TRUE,"finite=33755;unique=6608;range=4.33:99.37",170,"top_scoring_fields_literal_equivalence",6,"e361b2ca994ec032929d4ce2141b6809b2a6fb3c9be7fcf1e88aa0e51ce9aead"
4,"tcm_shopping_public_transport","<PROJECT_ROOT>/FoodDeserts_HFA_Replication_Worktree_v1_0/pipeline/04_retail_access/data_staged/hfa_f2a_inherited.csv","tcm2025_connectivity_scores_at_the_lower_super_output_level_england_wales_source_department_for_transport_connectivity_metric_2025_shopping_public_transport","tcm2025_connectivity_scores_at_the_lower_super_output_level_england_wales_source_department_for_transport_connectivity_metric_2025_shopping_public_transport",40,170,0,TRUE,"finite=33755;unique=7410;range=0.52:99.31",170,"top_scoring_fields_literal_equivalence",6,"e361b2ca994ec032929d4ce2141b6809b2a6fb3c9be7fcf1e88aa0e51ce9aead"
41,"tcm_shopping_drive","<PROJECT_ROOT>/FoodDeserts_HFA_Replication_Worktree_v1_0/pipeline/04_retail_access/data_staged/hfa_f2a_inherited.csv","tcm2025_connectivity_scores_at_the_lower_super_output_level_england_wales_source_department_for_transport_connectivity_metric_2025_shopping_driving","tcm2025_connectivity_scores_at_the_lower_super_output_level_england_wales_source_department_for_transport_connectivity_metric_2025_shopping_driving",40,170,0,TRUE,"finite=33755;unique=3918;range=26.17:99.52",170,"top_scoring_fields_literal_equivalence",6,"e361b2ca994ec032929d4ce2141b6809b2a6fb3c9be7fcf1e88aa0e51ce9aead"
13,"tcm_shopping_overall","<PROJECT_ROOT>/FoodDeserts_HFA_Replication_Worktree_v1_0/pipeline/04_retail_access/data_staged/hfa_f2a_inherited.csv","tcm2025_connectivity_scores_at_the_lower_super_output_level_england_wales_source_department_for_transport_connectivity_metric_2025_shopping_overall","tcm2025_connectivity_scores_at_the_lower_super_output_level_england_wales_source_department_for_transport_connectivity_metric_2025_shopping_overall",40,170,0,TRUE,"finite=33755;unique=7539;range=0.57:99.01",170,"top_scoring_fields_literal_equivalence",6,"e361b2ca994ec032929d4ce2141b6809b2a6fb3c9be7fcf1e88aa0e51ce9aead"
53,"internal_qualifying_store_count","<PROJECT_ROOT>/FoodDeserts_HFA_Replication_Worktree_v1_0/pipeline/04_retail_access/data_staged/f3_student_sample_reconstruction.csv","geolytix_internal_large_count","geolytix_internal_large_count",40,115,0,TRUE,"finite=33755;mean=0.201185009628203;max=9",115,"top_scoring_fields_literal_equivalence",6,"e4c57304ef87367e77a85929eba6907f7317e63577967f0da81e40a47df539be"
26,"kmeans_cluster","<PROJECT_ROOT>/FoodDeserts_HFA_Replication_Worktree_v1_0/pipeline/06_contextual_readouts/data_staged/f4_kmeans_best_assignments.csv","kmeans_killtest_cluster","kmeans_killtest_cluster",40,160,0,TRUE,"counts=5265;10731;17759",160,"top_scoring_fields_literal_equivalence",2,"387b627e832531c61ec9d120aa4a66c9cb33f720ea44d8e1242018f55ae725b4"
36,"resource_buffered_flag","<PROJECT_ROOT>/FoodDeserts_HFA_Replication_Worktree_v1_0/pipeline/06_contextual_readouts/data_staged/f4_candidate_configuration_assignments.csv","flag_resource_buffered_distance","flag_resource_buffered_distance",40,160,0,TRUE,"finite=33755;ones=2819",160,"top_scoring_fields_literal_equivalence",2,"84fa9aafec6b7d7a6d0e548b851b5f3de3a8eb6e53714e05145df5c9752a31f9"
37,"proximity_capability_constrained_flag","<PROJECT_ROOT>/FoodDeserts_HFA_Replication_Worktree_v1_0/pipeline/06_contextual_readouts/data_staged/f4_candidate_configuration_assignments.csv","flag_proximity_capability_constrained","flag_proximity_capability_constrained",40,200,0,TRUE,"finite=33755;ones=2241",200,"top_scoring_fields_literal_equivalence",2,"84fa9aafec6b7d7a6d0e548b851b5f3de3a8eb6e53714e05145df5c9752a31f9"
38,"compound_disadvantage_flag","<PROJECT_ROOT>/FoodDeserts_HFA_Replication_Worktree_v1_0/pipeline/06_contextual_readouts/data_staged/f4_candidate_configuration_assignments.csv","flag_compound_physical_capability_disadvantage","flag_compound_physical_capability_disadvantage",40,160,0,TRUE,"finite=33755;ones=295",160,"top_scoring_fields_literal_equivalence",2,"84fa9aafec6b7d7a6d0e548b851b5f3de3a8eb6e53714e05145df5c9752a31f9"
