"field","value"
"source_path","<PROJECT_ROOT>/FoodDeserts_HFA_Replication_Worktree_v1_0/pipeline/04_retail_access/data_raw/ons/lsoa21_bgc_v5_england.gpkg"
"source_layer","lsoa21_bgc_v5_england"
"source_id_column","lsoa21cd"
"selection_reason","highest_predeclared_score_exact_population_match"
"source_selection_score","50700"
"original_crs_wkt","PROJCRS[""OSGB36 / British National Grid"",
    BASEGEOGCRS[""OSGB36"",
        DATUM[""Ordnance Survey of Great Britain 1936"",
            ELLIPSOID[""Airy 1830"",6377563.396,299.3249646,
                LENGTHUNIT[""metre"",1]]],
        PRIMEM[""Greenwich"",0,
            ANGLEUNIT[""degree"",0.0174532925199433]],
        ID[""EPSG"",4277]],
    CONVERSION[""British National Grid"",
        METHOD[""Transverse Mercator"",
            ID[""EPSG"",9807]],
        PARAMETER[""Latitude of natural origin"",49,
            ANGLEUNIT[""degree"",0.0174532925199433],
            ID[""EPSG"",8801]],
        PARAMETER[""Longitude of natural origin"",-2,
            ANGLEUNIT[""degree"",0.0174532925199433],
            ID[""EPSG"",8802]],
        PARAMETER[""Scale factor at natural origin"",0.9996012717,
            SCALEUNIT[""unity"",1],
            ID[""EPSG"",8805]],
        PARAMETER[""False easting"",400000,
            LENGTHUNIT[""metre"",1],
            ID[""EPSG"",8806]],
        PARAMETER[""False northing"",-100000,
            LENGTHUNIT[""metre"",1],
            ID[""EPSG"",8807]]],
    CS[Cartesian,2],
        AXIS[""(E)"",east,
            ORDER[1],
            LENGTHUNIT[""metre"",1]],
        AXIS[""(N)"",north,
            ORDER[2],
            LENGTHUNIT[""metre"",1]],
    USAGE[
        SCOPE[""Engineering survey, topographic mapping.""],
        AREA[""United Kingdom (UK) - offshore to boundary of UKCS within 49°45'N to 61°N and 9°W to 2°E; onshore Great Britain (England, Wales and Scotland). Isle of Man onshore.""],
        BBOX[49.75,-9.01,61.01,2.01]],
    ID[""EPSG"",27700]]"
"working_crs","EPSG:27700"
"n_features","33755"
"geometry_types","MULTIPOLYGON"
"invalid_geometries_repaired","6"
"representative_point_rule","sf::st_point_on_surface after transformation to EPSG:27700"
"geometry_fingerprint_sha256","0453b9e61e34277e9f7a1e62ca62f38d78ad22954d8ccd7597c290d68ed59098"
