k,mean_jaccard,median_jaccard,q10_jaccard,q90_jaccard,zero_overlap_share,mean_shared_neighbours,independent_set_zero_overlap_share,independent_set_mean_shared_neighbours
5,0.0013581762137531,0,0,0.0,0.988416530884313,0.0120870982076729,0.9992595225713269,0.0007406529596492268
10,0.0018692640267795,0,0,0.0,0.967975114797808,0.0351355354762257,0.9970409407335776,0.002962611838596907
15,0.0022207557410005,0,0,0.0,0.945548807584062,0.0635757665531032,0.9933534451053564,0.006665876636843041
20,0.0025404681868831,0,0,0.0,0.920545104428974,0.0977632943267664,0.9882127226146344,0.011850447354387629
25,0.002849956789497,0,0,0.0204081632653061,0.893941638275811,0.137638868315805,0.9816408454711015,0.018516323991230668
30,0.0031001058701678,0,0,0.0169491525423729,0.867841801214635,0.180180713968301,0.9736661133276363,0.026663506547372165
35,0.0033735155355138,0,0,0.0144927536231884,0.841386461264998,0.229032735890979,0.9643228502097684,0.036291995022812114
40,0.0036505382770046,0,0,0.0126582278481013,0.812442601096134,0.283543178788328,0.9536511582528719,0.047401789417550515
45,0.0038738412695679,0,0,0.0112359550561798,0.786698266923419,0.338764627462598,0.9416966307209231,0.05999288973158737
50,0.0040939784867704,0,0,0.0101010101010101,0.761190934676344,0.397985483632054,0.928510027183087,0.07406529596492267
55,0.0043149817592004,0,0,0.0091743119266055,0.734231965634721,0.461620500666568,0.9141469140897474,0.08961900811755644
60,0.0045116812898337,0,0,0.0169491525423729,0.70833950525848,0.526736779736335,0.898667274313128,0.10665402618948866
65,0.0047217299649485,0,0,0.015625,0.68268404680788,0.597185602133017,0.8821350894959616,0.12517035018071931
70,0.0049318037356329,0,0,0.0144927536231884,0.656317582580358,0.671693082506295,0.864617899281022,0.14516798009124846
75,0.0051387718641174,0,0,0.0135135135135135,0.63113612798104,0.749725966523478,0.8461863416728758,0.16664691592107603
80,0.0053467250947531,0,0,0.0126582278481013,0.604769663753518,0.831965634720782,0.8269136789087772,0.18960715767020206
85,0.0055421640096813,0,0,0.0119047619047619,0.580299214931121,0.916101318323211,0.8068753132879162,0.21404870533862652
90,0.0057311248539818,0,0,0.0169491525423729,0.555532513701674,1.0029032735891,0.7861482974265108,0.23997155892634947
95,0.005920597460895,0,0,0.0160427807486631,0.533757961783439,1.09320100725818,0.7648108433722237,0.2673757184333709
100,0.0061003400656954,0,0,0.0152284263959391,0.510916901199822,1.18533550585099,0.7429418349254695,0.2962611838596907
