scalar_gap_threshold,profile_distance_threshold,constructions,median_qualifying_pairs,q10_qualifying_pairs,q90_qualifying_pairs,min_qualifying_pairs,max_qualifying_pairs,median_pair_prevalence,q10_pair_prevalence,q90_pair_prevalence,min_pair_prevalence,max_pair_prevalence,share_constructions_with_any_qualifying_pair
0.05,1.0,5000,7.0,4.0,12.0,0,24,0.0292397660818713,0.0175438596491228,0.0433333333333333,0.0,0.0955882352941176,0.9996
0.05,1.5,5000,6.0,3.0,10.0,0,20,0.0238095238095238,0.01428164428164429,0.0380952380952381,0.0,0.0735294117647059,0.9988
0.05,2.0,5000,5.0,2.0,9.0,0,17,0.02,0.0108695652173913,0.0326086956521739,0.0,0.0588235294117647,0.9948
0.05,2.5,5000,4.0,2.0,7.0,0,14,0.0170940170940171,0.0079051383399209,0.0276679841897233,0.0,0.0526315789473684,0.988
0.05,3.0,5000,3.0,1.0,6.0,0,12,0.0142450142450142,0.0052631578947368,0.0238095238095238,0.0,0.0457516339869281,0.9692
0.1,1.0,5000,15.0,9.0,23.0,3,38,0.06,0.0457516339869281,0.0788177339901478,0.0196078431372549,0.126315789473684,1.0
0.1,1.5,5000,12.0,8.0,19.0,2,32,0.0512820512820513,0.036231884057971,0.0666666666666667,0.0130718954248366,0.110526315789474,1.0
0.1,2.0,5000,10.0,6.0,16.0,2,27,0.0421052631578947,0.0285714285714286,0.0571428571428571,0.0105263157894737,0.0915032679738562,1.0
0.1,2.5,5000,8.0,5.0,13.0,1,24,0.0341880341880342,0.0217391304347826,0.0476190476190476,0.0052631578947368,0.0808823529411765,1.0
0.1,3.0,5000,7.0,4.0,11.0,0,20,0.0285714285714286,0.0173160173160173,0.04,0.0,0.0808823529411765,0.9996
0.15,1.0,5000,23.0,15.0,34.0,7,53,0.0925925925925926,0.0760869565217391,0.111111111111111,0.0457516339869281,0.16374269005848,1.0
0.15,1.5,5000,19.0,12.0,28.0,5,46,0.0769230769230769,0.0615384615384615,0.0948616600790514,0.0263157894736842,0.140350877192982,1.0
0.15,2.0,5000,16.0,10.0,24.0,3,40,0.064327485380117,0.0484330484330484,0.08,0.0196078431372549,0.12280701754386,1.0
0.15,2.5,5000,13.0,8.0,20.0,2,34,0.0523809523809524,0.038961038961039,0.0671936758893281,0.0116959064327485,0.108695652173913,1.0
0.15,3.0,5000,11.0,6.0,17.0,2,29,0.0433333333333333,0.0315789473684211,0.0578947368421053,0.0105263157894737,0.0942028985507246,1.0
0.2,1.0,5000,31.0,21.0,45.0,11,67,0.125541125541126,0.106666666666667,0.146198830409357,0.0701754385964912,0.198830409356725,1.0
0.2,1.5,5000,26.0,17.0,37.0,8,57,0.103896103896104,0.0862068965517241,0.122529644268775,0.0522875816993464,0.181286549707602,1.0
0.2,2.0,5000,21.0,14.0,31.0,7,50,0.0861538461538462,0.0692640692640693,0.104575163398693,0.0409356725146199,0.16374269005848,1.0
0.2,2.5,5000,17.0,11.0,26.0,4,43,0.0707692307692308,0.0562770562770563,0.0869565217391304,0.0292397660818713,0.124183006535948,1.0
0.2,3.0,5000,14.0,9.0,22.0,4,37,0.0583333333333333,0.0455840455840456,0.0735930735930736,0.019047619047619,0.111111111111111,1.0
0.25,1.0,5000,39.0,27.0,56.0,12,87,0.157894736842105,0.138095238095238,0.180952380952381,0.105072463768116,0.247368421052632,1.0
0.25,1.5,5000,32.0,22.0,46.0,8,73,0.13,0.110671936758893,0.15025435461540923,0.0760233918128655,0.198830409356725,1.0
0.25,2.0,5000,27.0,18.0,38.0,7,62,0.106719367588933,0.0894736842105263,0.126984126984127,0.0584795321637427,0.181286549707602,1.0
0.25,2.5,5000,22.0,15.0,32.0,6,55,0.0883190883190883,0.072463768115942,0.105413105413105,0.0428571428571429,0.147368421052632,1.0
0.25,3.0,5000,18.0,12.0,26.0,5,48,0.072463768115942,0.0579710144927536,0.0894736842105263,0.0285714285714286,0.136842105263158,1.0
0.3,1.0,5000,47.0,33.0,68.0,13,101,0.192982456140351,0.169590643274854,0.215789473684211,0.123809523809524,0.268421052631579,1.0
0.3,1.5,5000,39.0,26.0,56.0,9,84,0.156923076923077,0.134502923976608,0.178947368421053,0.0857142857142857,0.239766081871345,1.0
0.3,2.0,5000,32.0,22.0,46.0,8,72,0.13,0.1096620583717361,0.152046783625731,0.0701754385964912,0.205263157894737,1.0
0.3,2.5,5000,26.0,18.0,38.0,7,66,0.106719367588933,0.0883190883190883,0.126482213438735,0.0571428571428571,0.178947368421053,1.0
0.3,3.0,5000,22.0,14.0,31.0,5,56,0.0869565217391304,0.0711462450592885,0.105263157894737,0.0333333333333333,0.163157894736842,1.0
