"ball_a","ball_b","profile_distance","qualifying_share_balanced_weights"
1,13,1.1728195170889,0.866666666666667
15,17,1.19570128908587,0.777777777777778
4,5,1.09130742715283,0.777777777777778
4,9,1.23517627429958,0.755555555555556
3,15,1.20256182293498,0.733333333333333
3,14,1.12194506783882,0.711111111111111
6,16,1.35634675099604,0.666666666666667
3,13,1.26021845517856,0.666666666666667
13,17,1.64860003007213,0.622222222222222
13,15,2.1588032905272,0.6
2,4,1.70392427884088,0.6
20,21,1.24344085974478,0.6
7,16,2.2526377951524,0.577777777777778
16,24,1.99506082606341,0.555555555555556
1,3,2.34074959306918,0.533333333333333
5,9,2.25704237725019,0.533333333333333
9,10,2.18946586054283,0.533333333333333
2,10,2.51977128825795,0.511111111111111
2,17,2.75625853125025,0.488888888888889
15,18,2.54888189788956,0.488888888888889
2,5,2.4674317492939,0.466666666666667
14,16,2.35616267470138,0.466666666666667
1,14,1.62892116037095,0.422222222222222
8,9,2.38487446313713,0.4
3,20,3.71585303916922,0.377777777777778
14,18,3.59007252044098,0.377777777777778
2,15,3.22381144698156,0.377777777777778
1,17,2.78770504205381,0.377777777777778
15,20,2.53268548171441,0.377777777777778
6,14,1.36437551473612,0.377777777777778
15,21,3.76812022148092,0.355555555555556
17,20,3.65458525905216,0.355555555555556
4,22,3.44885779800613,0.355555555555556
19,22,3.14712454427481,0.355555555555556
1,15,3.03498794901258,0.355555555555556
2,13,1.22256750707303,0.355555555555556
13,20,4.38864893603116,0.333333333333333
3,18,3.70520848063063,0.333333333333333
9,19,2.07374066685367,0.333333333333333
14,15,1.61476653325664,0.333333333333333
9,23,1.59878761421282,0.333333333333333
1,10,2.82970859169645,0.311111111111111
11,16,1.66925731229222,0.311111111111111
13,21,5.52611274462197,0.288888888888889
3,21,4.93969385862057,0.288888888888889
17,21,4.87985336137228,0.288888888888889
1,18,4.85830781606981,0.288888888888889
5,20,4.00373790790669,0.288888888888889
22,23,3.96233560320683,0.288888888888889
17,18,3.72702763344243,0.288888888888889
8,22,3.45275733985278,0.288888888888889
13,18,4.39723390722445,0.266666666666667
1,16,3.84179693003755,0.266666666666667
21,22,2.98049399995935,0.266666666666667
1,5,2.71301653899626,0.266666666666667
3,16,2.51970911693143,0.266666666666667
10,13,1.7119580570322,0.266666666666667
5,21,5.18325548939475,0.244444444444444
2,20,5.14916353302684,0.244444444444444
1,20,4.89212471382707,0.244444444444444
9,22,4.2722822262245,0.244444444444444
10,22,2.96497688683948,0.244444444444444
10,15,2.10569954155627,0.244444444444444
14,24,1.23306005645782,0.244444444444444
2,21,6.17473455732211,0.222222222222222
4,21,5.97914902027254,0.222222222222222
10,21,5.59914441699831,0.222222222222222
4,20,4.84282550338281,0.222222222222222
5,15,1.73424422582831,0.222222222222222
14,17,1.70551856265758,0.222222222222222
5,13,1.59871877046234,0.222222222222222
12,19,1.45454065771144,0.222222222222222
13,14,1.0923524386158,0.222222222222222
1,21,5.90969870830005,0.2
9,20,5.50777321322843,0.2
2,18,5.20096029163741,0.2
4,18,4.98650003676573,0.2
12,22,4.44363426025269,0.2
10,20,4.41559431209763,0.2
5,18,4.15678789465033,0.2
14,20,3.69585202186299,0.2
7,18,3.66036597031123,0.2
18,24,3.42942839650367,0.2
13,16,3.30626859361306,0.2
2,8,3.0620826291697,0.2
16,17,2.70935641560406,0.2
5,22,2.59435772859454,0.2
2,3,2.46532662566339,0.2
4,8,1.4055948305306,0.2
12,23,1.12575315035892,0.2
8,21,6.33298101473812,0.177777777777778
8,20,5.2231927685742,0.177777777777778
10,18,4.56353926337792,0.177777777777778
2,22,4.24950147967541,0.177777777777778
9,15,3.47827883090537,0.177777777777778
4,15,2.61528042944171,0.177777777777778
9,21,6.55923008334598,0.155555555555556
18,23,5.85468426229124,0.155555555555556
20,23,5.63334683020243,0.155555555555556
9,17,2.75231203164222,0.155555555555556
15,16,1.56956367523372,0.155555555555556
12,20,6.30421360285884,0.133333333333333
9,18,5.63263910772453,0.133333333333333
8,18,5.46475494753488,0.133333333333333
14,21,4.83389138340638,0.133333333333333
1,6,2.98926176149619,0.133333333333333
2,19,2.70649703524701,0.133333333333333
4,17,1.67132212245787,0.133333333333333
12,21,7.35574532655022,0.111111111111111
21,23,6.71896078706402,0.111111111111111
19,21,5.98786583960463,0.111111111111111
2,16,4.27856704692325,0.111111111111111
10,16,3.6573541921329,0.111111111111111
12,18,6.58169814917722,0.0888888888888889
19,20,4.89827417140361,0.0888888888888889
9,16,4.76236609386969,0.0888888888888889
1,22,4.31698304524019,0.0888888888888889
1,4,2.2045253244276,0.0888888888888889
18,19,5.14888652439927,0.0666666666666667
4,16,4.0847836029466,0.0666666666666667
5,16,3.29382828533469,0.0666666666666667
20,22,2.04929440795387,0.0666666666666667
5,23,1.87203524045882,0.0666666666666667
3,6,1.4455466770824,0.0666666666666667
8,12,1.22193593607467,0.0666666666666667
15,23,3.56181511205826,0.0444444444444444
13,22,3.5507985501692,0.0444444444444444
1,24,2.78714615699178,0.0444444444444444
6,13,2.3079607103235,0.0444444444444444
5,8,1.48688843354614,0.0444444444444444
16,23,5.0893247384009,0.0222222222222222
8,16,4.74248088117582,0.0222222222222222
8,15,3.17311941773639,0.0222222222222222
6,18,2.82450453235157,0.0222222222222222
9,12,2.6712106236079,0.0222222222222222
4,23,1.12885807861358,0.0222222222222222
4,19,1.12531473867888,0.0222222222222222
12,16,5.91691889060972,0
11,12,5.26331831239449,0
6,12,5.12772465931579,0
7,21,5.00451754621971,0
21,24,4.80478715537692,0
12,24,4.72585275139996,0
7,12,4.64088651485117,0
11,21,4.58119762288424,0
16,19,4.47400030795954,0
12,14,4.43495025242837,0
11,23,4.3630235148903,0
12,15,4.35322912194511,0
1,12,4.24716079925336,0
6,23,4.24571872152358,0
6,21,4.22043571658233,0
8,11,4.1211472746164,0
6,8,3.9645419694697,0
11,19,3.93801842770471,0
9,11,3.93342777053575,0
6,9,3.88016855941455,0
23,24,3.85200137344759,0
7,20,3.82375580612496,0
6,19,3.75781181164366,0
3,12,3.70883772808401,0
7,23,3.68080200118312,0
1,8,3.60655990195179,0
20,24,3.59865101168477,0
8,24,3.58425247100881,0
7,8,3.56666683195757,0
7,22,3.56498975896002,0
2,12,3.54965729806233,0
9,24,3.5403938527344,0
11,22,3.52914473574059,0
12,13,3.50964747909916,0
2,11,3.45164331814447,0
19,24,3.43049931465476,0
2,6,3.42833350149196,0
8,14,3.42642339204935,0
11,20,3.42416137194944,0
14,23,3.40045625020144,0
7,19,3.36940742509777,0
22,24,3.36771030915314,0
14,22,3.35489298031172,0
12,17,3.3325418413802,0
4,11,3.27743032864359,0
1,19,3.25961017037695,0
4,6,3.1756481280627,0
11,18,3.17235064213377,0
2,24,3.16603470914062,0
7,9,3.14890733738176,0
14,19,3.13580796149836,0
6,22,3.12395302655287,0
1,23,3.122007039757,0
6,20,3.04285948633404,0
1,11,2.96302133373465,0
16,21,2.9458094691726,0
10,11,2.92203431274448,0
15,19,2.91836914371908,0
3,22,2.91819431221974,0
3,23,2.81966243349269,0
4,24,2.79086202273108,0
6,10,2.77843528691298,0
16,22,2.72497760462504,0
5,11,2.69193312573639,0
2,7,2.6803405722361,0
9,14,2.66410082912075,0
8,13,2.65464787945553,0
3,9,2.65121661715521,0
5,12,2.64935496915327,0
3,8,2.58033765743997,0
4,7,2.57286711519639,0
17,23,2.56801959524881,0
17,22,2.55711409991298,0
5,6,2.50389462322185,0
18,22,2.49401708172108,0
2,23,2.43802897949883,0
13,23,2.42254878654052,0
3,19,2.38972340482643,0
10,24,2.38746494217742,0
7,10,2.37682048801369,0
10,12,2.35885954139082,0
13,19,2.35622364989786,0
11,13,2.33630733974077,0
10,14,2.29727507034476,0
4,14,2.27355949170623,0
1,7,2.23626251353851,0
5,24,2.19222837376813,0
5,7,2.19057426271227,0
4,12,2.19046339220151,0
8,17,2.14131241596575,0
2,14,2.09297518183524,0
5,14,2.05577753629476,0
11,17,2.02474882134958,0
15,22,1.99923272239403,0
17,19,1.9836847314111,0
13,24,1.98041993412126,0
16,20,1.85490387529041,0
6,17,1.8363428556906,0
3,4,1.77110369469848,0
1,9,1.73220847404023,0
7,17,1.64551930140489,0
10,23,1.62020443491382,0
7,15,1.60778340327117,0
9,13,1.6029296413642,0
11,15,1.567993568939,0
3,11,1.55878745014252,0
7,13,1.55489304581936,0
17,24,1.51932588085267,0
16,18,1.51931982201895,0
18,21,1.43252890971714,0
11,14,1.38536109804471,0
3,10,1.38088320926824,0
15,24,1.37365569835552,0
4,13,1.32259692903294,0
5,19,1.25991127805044,0
8,10,1.20111493758887,0
6,15,1.19147862863482,0
3,5,1.16979588311109,0
10,19,1.08945953364666,0
3,24,1.05481456670935,0
3,7,1.03551524960693,0
8,23,0.989978920853865,0
10,17,0.987818221099373,0
6,7,0.964548672968413,0
4,10,0.957887211084704,0
2,9,0.940076461632362,0
19,23,0.894631048009514,0
7,11,0.827414959454036,0
1,2,0.821774589849111,0
7,14,0.752153633541334,0
5,17,0.738996153437977,0
6,24,0.655192028136771,0
3,17,0.638292056837831,0
7,24,0.588442532481852,0
18,20,0.579461194693964,0
11,24,0.574421864498548,0
8,19,0.516634086299375,0
5,10,0.427441815750162,0
6,11,0.415822091009699,0
