"k","mean_jaccard","median_jaccard","q10_jaccard","q90_jaccard","zero_overlap_share","mean_shared_neighbours","median_geo_distance_of_topological_neighbours_km","share_topological_neighbour_links_gt25km","share_topological_neighbour_links_gt50km","share_topological_neighbour_links_gt100km"
5,0.00135817621375317,0,0,0,0.988416530884313,0.0120870982076729,159.254482532521,0.909648940897645,0.850220708043253,0.701276847874389
10,0.00186926402677951,0,0,0,0.967975114797808,0.0351355354762257,159.59044521297,0.909314175677677,0.850229595615464,0.701116871574582
15,0.00222075574100051,0,0,0,0.945548807584062,0.0635757665531032,160.069263846067,0.909643015849504,0.850811237841307,0.702973386658767
20,0.00254046818688314,0,0,0,0.920545104428974,0.0977632943267664,160.295984529272,0.909632647015257,0.851027995852466,0.703917938083247
25,0.00284995678949704,0,0,0.0204081632653061,0.893941638275811,0.137638868315805,160.39838091148,0.909748481706414,0.851374907421123,0.704516664197897
30,0.00310010587016783,0,0,0.0169491525423729,0.867841801214635,0.180180713968301,160.380391300079,0.909907667999802,0.851580506591616,0.704615612501852
35,0.00337351553551384,0,0,0.0144927536231884,0.841386461264998,0.229032735890979,160.389892781586,0.909967200626362,0.85173921323825,0.704844573290729
40,0.00365053827700468,0,0,0.0126582278481013,0.812442601096134,0.283543178788328,160.472829051971,0.910108132128574,0.851911568656495,0.705020737668494
45,0.00387384126956791,0,0,0.0112359550561798,0.786698266923419,0.338764627462598,160.519015371583,0.910203262068171,0.852031797758357,0.705169604503037
50,0.00409397848677049,0,0,0.0101010101010101,0.761190934676344,0.397985483632054,160.561407567009,0.910285883572804,0.852193749074211,0.705356243519479
55,0.00431498175920045,0,0,0.00917431192660551,0.734231965634721,0.461620500666568,160.592993680456,0.910455286085563,0.852409744010988,0.705625294569155
60,0.00451168128983372,0,0,0.0169491525423729,0.70833950525848,0.526736779736335,160.658733792872,0.910675949242088,0.85257690218733,0.705838147434948
65,0.00472172996494854,0,0,0.015625,0.68268404680788,0.597185602133017,160.684500337014,0.910763761494024,0.852679603021775,0.705984070735959
70,0.0049318037356329,0,0,0.0144927536231884,0.656317582580358,0.671693082506295,160.781266911654,0.910881350910976,0.852815879129018,0.706209873669509
75,0.00513877186411744,0,0,0.0135135135135135,0.63113612798104,0.749725966523478,160.840437425382,0.91098444674863,0.85293951513356,0.706464820026663
80,0.00534672509475315,0,0,0.0126582278481013,0.604769663753518,0.831965634720782,160.863333943168,0.911073914975559,0.853045845059991,0.706506813805362
85,0.00554216400968132,0,0,0.0119047619047619,0.580299214931121,0.916101318323211,160.853339913685,0.911198863784886,0.853125375761325,0.706615316249445
90,0.00573112485398186,0,0,0.0169491525423729,0.555532513701674,1.0029032735891,160.868983098601,0.911285900031271,0.853217136555901,0.706726575486759
95,0.00592059746089507,0,0,0.0160427807486631,0.533757961783439,1.09320100725818,160.885014091175,0.911449843687875,0.853334164919037,0.706837661477052
100,0.00610034006569549,0,0,0.0152284263959391,0.510916901199822,1.18533550585099,160.888343899185,0.911527181158347,0.853404236409421,0.706908606132425
