"k","mean_jaccard","median_jaccard","q10_jaccard","q90_jaccard","zero_overlap_share","mean_shared_neighbours"
1,0.00100725818397274,0,0,0,0.998992741816027,0.00100725818397274
2,0.000938132622327556,0,0,0,0.997244852614428,0.00278477262627759
3,0.00108428380980595,0,0,0,0.994756332395201,0.00536216856761961
4,0.00125272446410056,0,0,0,0.991586431639757,0.00868019552658865
5,0.00135817621375317,0,0,0,0.988416530884313,0.0120870982076729
6,0.00146312779700426,0,0,0,0.984802251518294,0.0159383794993334
7,0.00155981380985084,0,0,0,0.981158346911569,0.0200562879573397
8,0.00170294130892561,0,0,0,0.976299807435935,0.0252999555621389
9,0.00180740108219262,0,0,0,0.972033772774404,0.0303954969634128
10,0.00186926402677951,0,0,0,0.967975114797808,0.0351355354762257
11,0.00192360375584693,0,0,0,0.964153458746852,0.0399348244704488
12,0.00198215443080938,0,0,0,0.959976299807436,0.0450599911124278
13,0.00204194840407189,0,0,0,0.955621389423789,0.0504517849207525
14,0.00213268478532884,0,0,0,0.950881350910976,0.0568508369130499
15,0.00222075574100051,0,0,0,0.945548807584062,0.0635757665531032
16,0.00228010708414468,0,0,0,0.940956895274774,0.0697674418604651
17,0.00234102219273246,0,0,0,0.936098355799141,0.0762553695748778
18,0.0024303861506924,0,0,0,0.93038068434306,0.0839579321581988
19,0.0024904529073846,0,0,0,0.925551770108132,0.0909198637238928
20,0.00254046818688314,0,0,0,0.920545104428974,0.0977632943267664
21,0.00261349929545522,0,0,0,0.915034809657828,0.105702858835728
22,0.00267794203824017,0,0,0,0.909761516812324,0.113553547622574
23,0.00273992977958433,0,0,0,0.90466597541105,0.121552362612946
24,0.00278589734148076,0,0,0.0212765957446809,0.899659309731892,0.129077173752037
25,0.00284995678949704,0,0,0.0204081632653061,0.893941638275811,0.137638868315805
26,0.00289972531553366,0,0,0.0196078431372549,0.888431343504666,0.145785809509702
27,0.00294859270187858,0,0,0.0188679245283019,0.883217301140572,0.15405125166642
28,0.00300624988815648,0,0,0.0181818181818182,0.877707006369427,0.162968449118649
29,0.00305122715196107,0,0,0.0175438596491228,0.872966967856614,0.171382017478892
30,0.00310010587016783,0,0,0.0169491525423729,0.867841801214635,0.180180713968301
31,0.00314634310375042,0,0,0.0163934426229508,0.863072137461117,0.189009035698415
32,0.00321761003257482,0,0,0.0158730158730159,0.857384091245741,0.199555621389424
33,0.00326779548161422,0,0,0.0153846153846154,0.851933046956006,0.209065323655755
34,0.00332645838332534,0,0,0.0149253731343284,0.846570878388387,0.219315656939713
35,0.00337351553551384,0,0,0.0144927536231884,0.841386461264998,0.229032735890979
36,0.00343311861506515,0,0,0.0140845070422535,0.835846541253148,0.239786698266923
37,0.00348496143285296,0,0,0.0136986301369863,0.829921493112131,0.250274033476522
38,0.00353619688734928,0,0,0.0133333333333333,0.823996444971115,0.260879869648941
39,0.0035969323374829,0,0,0.012987012987013,0.818012146348689,0.272374463042512
40,0.00365053827700468,0,0,0.0126582278481013,0.812442601096134,0.283543178788328
41,0.00368886949732909,0,0,0.0123456790123457,0.807672937342616,0.293734261590875
42,0.00374042469823648,0,0,0.0120481927710843,0.802399644497112,0.305169604503037
43,0.00378244133357137,0,0,0.0117647058823529,0.797304103095838,0.315982817360391
44,0.00382563755066038,0,0,0.0114942528735632,0.792090060731743,0.327092282624796
45,0.00387384126956791,0,0,0.0112359550561798,0.786698266923419,0.338764627462598
46,0.00391992370640054,0,0,0.010989010989011,0.781869352688491,0.3504369723004
47,0.00396381736422147,0,0,0.010752688172043,0.776803436527922,0.362109317138202
48,0.0040098582927832,0,0,0.0105263157894737,0.771382017478892,0.374137164864465
49,0.00404870531473724,0,0,0.0103092783505155,0.766404977040438,0.385661383498741
50,0.00409397848677049,0,0,0.0101010101010101,0.761190934676344,0.397985483632054
51,0.00414014761446308,0,0,0.0099009900990099,0.75597689231225,0.410546585691009
52,0.00418624732004714,0,0,0.00970873786407767,0.750762849948156,0.423285439194193
53,0.00423207792972222,0,0,0.00952380952380952,0.74501555325137,0.436172418900904
54,0.00427968079786882,0,0,0.00934579439252336,0.739386757517405,0.44944452673678
55,0.00431498175920045,0,0,0.00917431192660551,0.734231965634721,0.461620500666568
56,0.00435975311827446,0,0,0.00900900900900901,0.728218041771589,0.474951858983854
57,0.0043914686051888,0,0,0.00884955752212389,0.723389127536661,0.487009331950822
58,0.00443212045570375,0,0,0.00869565217391304,0.718026958969042,0.500162938823878
59,0.00447186377600521,0,0,0.0172413793103448,0.713257295215524,0.513375796178344
60,0.00451168128983372,0,0,0.0169491525423729,0.70833950525848,0.526736779736335
61,0.00455181398471709,0,0,0.0166666666666667,0.703036587172271,0.540245889497852
62,0.00459096835734989,0,0,0.0163934426229508,0.698207672937343,0.553873500222189
63,0.0046295369391908,0,0,0.0161290322580645,0.693230632498889,0.567560361427937
64,0.00467403923846926,0,0,0.0158730158730159,0.68810546585691,0.582076729373426
65,0.00472172996494854,0,0,0.015625,0.68268404680788,0.597185602133017
66,0.00475883594760753,0,0,0.0153846153846154,0.677410753962376,0.611168715745815
67,0.00479877056487306,0,0,0.0151515151515152,0.672048585394756,0.625625833209895
68,0.00484057830773452,0,0,0.0149253731343284,0.667012294474893,0.64046807880314
69,0.00487995140854906,0,0,0.0147058823529412,0.662035254036439,0.65516219819286
70,0.0049318037356329,0,0,0.0144927536231884,0.656317582580358,0.671693082506295
71,0.00497314034849756,0,0,0.0142857142857143,0.651014664494149,0.686979706710117
72,0.00501014274989896,0,0,0.0140845070422535,0.646067249296401,0.701851577544068
73,0.00505770713623295,0,0,0.0138888888888889,0.641090208857947,0.718263960894682
74,0.00509641661804843,0,0,0.0136986301369863,0.636498296548659,0.733639460820619
75,0.00513877186411744,0,0,0.0135135135135135,0.63113612798104,0.749725966523478
76,0.00518116875701262,0,0,0.0133333333333333,0.6256554584506,0.766019848911272
77,0.00522330818522094,0,0,0.0131578947368421,0.620085913198045,0.782432232261887
78,0.00526036755139673,0,0,0.012987012987013,0.615108872759591,0.79819286031699
79,0.00530449154224724,0,0,0.0128205128205128,0.610279958524663,0.815108872759591
80,0.00534672509475315,0,0,0.0126582278481013,0.604769663753518,0.831965634720782
81,0.00538929283009472,0,0,0.0125,0.599585246630129,0.849059398607614
82,0.00542564254942842,0,0,0.0123456790123457,0.594845208117316,0.865323655754703
83,0.00546372920843043,0,0,0.0121951219512195,0.589927418160272,0.881973041030958
84,0.00549759630283124,0,0,0.0120481927710843,0.585098503925344,0.898148422455932
85,0.00554216400968132,0,0,0.0119047619047619,0.580299214931121,0.916101318323211
86,0.00558391660685035,0,0,0.0117647058823529,0.574818545400681,0.933846837505555
87,0.00562090170045137,0,0,0.0116279069767442,0.569782254480818,0.950970226633091
88,0.005661604139767,0,0,0.0173410404624277,0.565042215968005,0.968774996296845
89,0.00569633514772099,0,0,0.0171428571428571,0.560598429862243,0.985750259220856
90,0.00573112485398186,0,0,0.0169491525423729,0.555532513701674,1.0029032735891
91,0.00577090089353456,0,0,0.0167597765363128,0.551029477114502,1.02103392090061
92,0.0058084068947765,0,0,0.0165745856353591,0.546437564805214,1.03895719152718
93,0.00584525889323722,0,0,0.0163934426229508,0.541756776773811,1.05679158643164
94,0.00587910342619226,0,0,0.0162162162162162,0.538023996444971,1.07421122796623
95,0.00592059746089507,0,0,0.0160427807486631,0.533757961783439,1.09320100725818
96,0.00595337434466066,0,0,0.0158730158730159,0.529758554288254,1.11067989927418
97,0.00598752647331366,0,0,0.0157068062827225,0.525166641978966,1.12860316990076
98,0.00602747646056896,0,0,0.0155440414507772,0.520545104428974,1.14782995111835
99,0.00606305462704947,0,0,0.0153846153846154,0.51556806399052,1.16640497704044
100,0.00610034006569549,0,0,0.0152284263959391,0.510916901199822,1.18533550585099
