ball_a,ball_b,scalar_gap,composition_distance,signature_a,signature_b
13,18,0.0018742566140987,4.39723270891259,physical=low | transport=very_high | material=near_sample_mean,physical=very_high | transport=low | material=low
1,15,0.0054728261869496,3.03497314570857,physical=low | transport=very_high | material=low,physical=high | transport=near_sample_mean | material=near_sample_mean
4,21,0.0123983406583505,5.97911045642015,physical=low | transport=very_high | material=very_high,physical=very_high | transport=low | material=low
2,20,0.0205120597632394,5.14904096469103,physical=low | transport=very_high | material=near_sample_mean,physical=very_high | transport=low | material=near_sample_mean
19,22,0.0240188492391857,3.14684956453602,physical=near_sample_mean | transport=very_high | material=very_high,physical=very_high | transport=near_sample_mean | material=very_high
8,22,0.0318427785507804,3.45231681053025,physical=low | transport=very_high | material=very_high,physical=very_high | transport=near_sample_mean | material=very_high
1,13,0.0354818019311066,1.17120824145828,physical=low | transport=very_high | material=low,physical=low | transport=very_high | material=near_sample_mean
1,18,0.0373560585452054,4.85787694475219,physical=low | transport=very_high | material=low,physical=very_high | transport=low | material=low
13,15,0.0409546281180563,2.15763755123474,physical=low | transport=very_high | material=near_sample_mean,physical=high | transport=near_sample_mean | material=near_sample_mean
15,18,0.042828884732155,2.54780218802145,physical=high | transport=near_sample_mean | material=near_sample_mean,physical=very_high | transport=low | material=low
22,23,0.0440533837903867,3.96160085452462,physical=very_high | transport=near_sample_mean | material=very_high,physical=low | transport=very_high | material=very_high
17,18,0.051138221991171,3.72597499014663,physical=near_sample_mean | transport=near_sample_mean | material=very_high,physical=very_high | transport=low | material=low
2,10,0.052532986184377,2.51812791597584,physical=low | transport=very_high | material=near_sample_mean,physical=low | transport=high | material=very_high
13,17,0.0530124786052697,1.64604103548186,physical=low | transport=very_high | material=near_sample_mean,physical=near_sample_mean | transport=near_sample_mean | material=very_high
2,5,0.0677486990591309,2.46463988824959,physical=low | transport=very_high | material=near_sample_mean,physical=near_sample_mean | transport=high | material=very_high
10,20,0.0730450459476164,4.4137814165199,physical=low | transport=high | material=very_high,physical=very_high | transport=low | material=near_sample_mean
5,20,0.0882607588223704,4.00081833511162,physical=near_sample_mean | transport=high | material=very_high,physical=very_high | transport=low | material=near_sample_mean
1,17,0.0884942805363763,2.78348804352188,physical=low | transport=very_high | material=low,physical=near_sample_mean | transport=near_sample_mean | material=very_high
15,17,0.093967106723326,1.18457254791918,physical=high | transport=near_sample_mean | material=near_sample_mean,physical=near_sample_mean | transport=near_sample_mean | material=very_high
9,21,0.113945260346389,6.55626026933073,physical=low | transport=very_high | material=high,physical=very_high | transport=low | material=low
4,5,0.121062056675624,1.0709733123936,physical=low | transport=very_high | material=very_high,physical=near_sample_mean | transport=high | material=very_high
4,9,0.126343601004739,1.21563658716248,physical=low | transport=very_high | material=very_high,physical=low | transport=very_high | material=high
5,21,0.133460397333975,5.17809834160874,physical=near_sample_mean | transport=high | material=very_high,physical=very_high | transport=low | material=low
14,16,0.14158629460966,2.34336563796436,physical=near_sample_mean | transport=high | material=near_sample_mean,physical=very_high | transport=low | material=low
10,21,0.148676110208729,5.59321950625603,physical=low | transport=high | material=very_high,physical=very_high | transport=low | material=low
3,15,0.152528927455665,1.1731835819037,physical=near_sample_mean | transport=near_sample_mean | material=high,physical=high | transport=near_sample_mean | material=near_sample_mean
1,3,0.158001753642614,2.32469675334033,physical=low | transport=very_high | material=low,physical=near_sample_mean | transport=near_sample_mean | material=high
3,14,0.173765498813443,1.08082255227868,physical=near_sample_mean | transport=near_sample_mean | material=high,physical=near_sample_mean | transport=high | material=near_sample_mean
7,16,0.176373295611378,2.2318275959255,physical=low | transport=near_sample_mean | material=near_sample_mean,physical=very_high | transport=low | material=low
2,4,0.188810755734755,1.67224682495738,physical=low | transport=very_high | material=near_sample_mean,physical=low | transport=very_high | material=very_high
6,16,0.191042859671108,1.31536473506156,physical=near_sample_mean | transport=low | material=near_sample_mean,physical=very_high | transport=low | material=low
3,13,0.193483555573721,1.21484274535443,physical=near_sample_mean | transport=near_sample_mean | material=high,physical=low | transport=very_high | material=near_sample_mean
3,18,0.19535781218782,3.68972571617304,physical=near_sample_mean | transport=near_sample_mean | material=high,physical=very_high | transport=low | material=low
2,21,0.201209096393105,6.16489185241508,physical=low | transport=very_high | material=near_sample_mean,physical=very_high | transport=low | material=low
4,20,0.209322815497994,4.82923500494135,physical=low | transport=very_high | material=very_high,physical=very_high | transport=low | material=near_sample_mean
16,24,0.220083485316091,1.95830474598981,physical=very_high | transport=low | material=low,physical=low | transport=near_sample_mean | material=near_sample_mean
20,21,0.221721156156345,1.18265141035764,physical=very_high | transport=low | material=near_sample_mean,physical=very_high | transport=low | material=low
5,9,0.247405657680363,2.21598998516384,physical=near_sample_mean | transport=high | material=very_high,physical=low | transport=very_high | material=high
