target_stage,archive_name,sha256,role,resolved_path,observed_sha256,status
01_source_reconstruction,FoodDeserts_HFA_F0F1_Source_Reconstruction_v1_0_2.zip,154d184c2c55b668ab8bb96f46a736b09d2a56bdf7d9c9adf6bd6b259c2ebe50,source,FoodDeserts_HFA_F0F1_Source_Reconstruction_v1_0_2.zip,154d184c2c55b668ab8bb96f46a736b09d2a56bdf7d9c9adf6bd6b259c2ebe50,PASS
02_physical_access,FoodDeserts_HFA_F2_Physical_Access_v1_0_3.zip,126baf241f3dd3939a922e5592f92225e6fe9ed7c5ecd0c33ac74f5ac90108a1,source,FoodDeserts_HFA_F2_Physical_Access_v1_0_3.zip,126baf241f3dd3939a922e5592f92225e6fe9ed7c5ecd0c33ac74f5ac90108a1,PASS
03_jts_validation,FoodDeserts_HFA_F2A_JTS_Validation_v1_0.zip,62f1fe15c775fc790e38fbab091414e248cc47e0de93315341d5f8e99e1eceaf,source,FoodDeserts_HFA_F2A_JTS_Validation_v1_0.zip,62f1fe15c775fc790e38fbab091414e248cc47e0de93315341d5f8e99e1eceaf,PASS
04_retail_access,FoodDeserts_HFA_F3_Retail_Functional_Access_v1_0_1.zip,c95ed62bd8f4797fbd55a0f6cf11daf85c8210d3bdb05a2fc4e3d9c43d50066b,source,FoodDeserts_HFA_F3_Retail_Functional_Access_v1_0_1.zip,c95ed62bd8f4797fbd55a0f6cf11daf85c8210d3bdb05a2fc4e3d9c43d50066b,PASS
05_mobility_material,FoodDeserts_HFA_F4_Mobility_Material_Kill_Tests_v1_0_2.zip,60240f83057d160528d824b4d4a0cf8f4b718410f7706507dd23089d1a1d35bf,source,FoodDeserts_HFA_F4_Mobility_Material_Kill_Tests_v1_0_2.zip,60240f83057d160528d824b4d4a0cf8f4b718410f7706507dd23089d1a1d35bf,PASS
06_contextual_readouts,FoodDeserts_HFA_F5_Digital_RUC_Closure_v1_0_2.zip,5a5fe2271cc9d9e4d0f073a143b7625e2caf0b3e66c8654542d8841b28dff52a,source,FoodDeserts_HFA_F5_Digital_RUC_Closure_v1_0_2.zip,5a5fe2271cc9d9e4d0f073a143b7625e2caf0b3e66c8654542d8841b28dff52a,PASS
07_input_freeze,FoodDeserts_HFA_TDABM_Portable_P1_4A_Activation_v1_0.zip,151590b892dae84798c2a759ee9551195ca7349c0df37c12e1faf0e08704757c,tdabm,FoodDeserts_HFA_TDABM_Portable_P1_4A_Activation_v1_0.zip,151590b892dae84798c2a759ee9551195ca7349c0df37c12e1faf0e08704757c,PASS
08_radius_diagnostics,FoodDeserts_HFA_TDABM_P1_4B_Dense001_Radius_Diagnostics_v1_2.zip,09f690c31ce78f0382f1abf9765bdf305ba7a61541fa8c2398732b8412d1afa8,tdabm,FoodDeserts_HFA_TDABM_P1_4B_Dense001_Radius_Diagnostics_v1_2.zip,09f690c31ce78f0382f1abf9765bdf305ba7a61541fa8c2398732b8412d1afa8,PASS
09_canonical_topology,FoodDeserts_HFA_TDABM_P1_4C_Canonical_Freeze_R150_v1_0.zip,f524caac3e6742a4bbf983234ae1d67c6f2a8dc605e3dcf8d096b3e8c508c9d1,tdabm,FoodDeserts_HFA_TDABM_P1_4C_Canonical_Freeze_R150_v1_0.zip,f524caac3e6742a4bbf983234ae1d67c6f2a8dc605e3dcf8d096b3e8c508c9d1,PASS
10_evidence_robustness,FoodDeserts_HFA_TDABM_P1_4D_Evidence_and_Interpretation_Robustness_v1_1.zip,a6929125a8fdbc3312fa2d591c3caa0e707539d3718211aa8200c52f812c098f,tdabm,FoodDeserts_HFA_TDABM_P1_4D_Evidence_and_Interpretation_Robustness_v1_1.zip,a6929125a8fdbc3312fa2d591c3caa0e707539d3718211aa8200c52f812c098f,PASS
11_interpretation,FoodDeserts_HFA_24Ball_Substantive_Interpretation_Evidence_Closure_v1_0.zip,e09563cb763878e3581e35f49ed87bbf1741f974c1fcbecd51e20cdd5bb7fe4b,post,FoodDeserts_HFA_24Ball_Substantive_Interpretation_Evidence_Closure_v1_0.zip,e09563cb763878e3581e35f49ed87bbf1741f974c1fcbecd51e20cdd5bb7fe4b,PASS
12_spatial_closure,FoodDeserts_HFA_Targeted_Spatial_Closure_v1_0.zip,2250483af19adc939734b420c22200122ef75684f81d7ecf9f715273c4dbf794,post,FoodDeserts_HFA_Targeted_Spatial_Closure_v1_0.zip,2250483af19adc939734b420c22200122ef75684f81d7ecf9f715273c4dbf794,PASS
13_scalarisation_robustness,FoodDeserts_HFA_PreSubmission_Scalarisation_Robustness_v1_0.zip,5af7c90e098936e8ce0372e7a773e05fa21e9f4e90565d3eab7b083c4f903e87,post,FoodDeserts_HFA_PreSubmission_Scalarisation_Robustness_v1_0.zip,5af7c90e098936e8ce0372e7a773e05fa21e9f4e90565d3eab7b083c4f903e87,PASS
15_submission_audit_source,FoodDeserts_HFA_Submission_Replication_Audit_v1_0.zip,9f79c2208b7fcc7c6682bf3f9f8e04a18eaf000418eaba39abfb6965529ad549,audit,FoodDeserts_HFA_Submission_Replication_Audit_v1_0.zip,9f79c2208b7fcc7c6682bf3f9f8e04a18eaf000418eaba39abfb6965529ad549,PASS
