"ball_a","ball_b","scalar_mean_constraint_a","scalar_mean_constraint_b","scalar_gap","axis_euclidean_distance","composition_euclidean_distance","sign_disagreement_count","tcm_profile_euclidean_distance","ruc_total_variation","iuc_total_variation","kmeans_total_variation","graph_adjacent","edge_strength","similar_scalar_constraint","different_axis_composition","candidate_non_scalar_contrast","signature_a","signature_b"
13,18,0.35846558495592,0.360339841570018,0.00187425661409873,4.39723390722444,4.39723270891259,3,7.25326548565852,0.983808679641392,0.844392186715942,1,FALSE,0,TRUE,TRUE,TRUE,"physical=low | transport=very_high | material=near_sample_mean","physical=very_high | transport=low | material=low"
1,15,0.322983783024813,0.317510956837863,0.00547282618694966,3.03498794901258,3.03497314570857,3,2.92293481384256,0.263788592360021,0.909959881388453,0.610779696493982,FALSE,0,TRUE,TRUE,TRUE,"physical=low | transport=very_high | material=low","physical=high | transport=near_sample_mean | material=near_sample_mean"
4,21,0.889424898014481,0.901823238672831,0.0123983406583505,5.97914902027254,5.97911045642015,3,8.24461819259463,0.998330550918197,0.957412589056879,1,FALSE,0,TRUE,TRUE,TRUE,"physical=low | transport=very_high | material=very_high","physical=very_high | transport=low | material=low"
2,20,0.700614142279726,0.680102082516486,0.0205120597632394,5.14916353302684,5.14904096469103,2,6.75952020504842,0.99075500770416,0.899294698635172,1,FALSE,0,TRUE,TRUE,TRUE,"physical=low | transport=very_high | material=near_sample_mean","physical=very_high | transport=low | material=near_sample_mean"
19,22,1.34841425701638,1.3243954077772,0.0240188492391857,3.1471245442748,3.14684956453602,1,3.00872055759132,0.993472584856397,0.338326233337914,0.684210526315789,FALSE,0,TRUE,TRUE,TRUE,"physical=near_sample_mean | transport=very_high | material=very_high","physical=very_high | transport=near_sample_mean | material=very_high"
8,22,1.29255262922642,1.3243954077772,0.0318427785507804,3.45275733985278,3.45231681053025,1,3.19103854962127,0.996996996996997,0.389679152837047,0.684210526315789,FALSE,0,TRUE,TRUE,TRUE,"physical=low | transport=very_high | material=very_high","physical=very_high | transport=near_sample_mean | material=very_high"
1,13,0.322983783024813,0.35846558495592,0.0354818019311066,1.1728195170889,1.17120824145828,1,0.26153735752345,0.0378867531160419,0.515448557230025,0.0350919760242269,TRUE,640,TRUE,TRUE,TRUE,"physical=low | transport=very_high | material=low","physical=low | transport=very_high | material=near_sample_mean"
1,18,0.322983783024813,0.360339841570018,0.0373560585452054,4.8583078160698,4.85787694475219,2,7.50930887984318,0.988035892323031,0.899258686525458,1,FALSE,0,TRUE,TRUE,TRUE,"physical=low | transport=very_high | material=low","physical=very_high | transport=low | material=low"
13,15,0.35846558495592,0.317510956837863,0.0409546281180563,2.15880329052721,2.15763755123474,2,2.66262366881517,0.225901839243979,0.613135763399965,0.575687720469755,FALSE,0,TRUE,TRUE,TRUE,"physical=low | transport=very_high | material=near_sample_mean","physical=high | transport=near_sample_mean | material=near_sample_mean"
15,18,0.317510956837863,0.360339841570018,0.042828884732155,2.54888189788956,2.54780218802145,1,4.639758470406,0.785654939942078,0.724951214731873,0.753357753357753,TRUE,5,TRUE,TRUE,TRUE,"physical=high | transport=near_sample_mean | material=near_sample_mean","physical=very_high | transport=low | material=low"
22,23,1.3243954077772,1.36844879156758,0.0440533837903867,3.96233560320682,3.96160085452462,1,3.8924407012886,1,0.265873529031424,0.684210526315789,FALSE,0,TRUE,TRUE,TRUE,"physical=very_high | transport=near_sample_mean | material=very_high","physical=low | transport=very_high | material=very_high"
17,18,0.411478063561189,0.360339841570018,0.051138221991171,3.72702763344243,3.72597499014663,3,5.86501097914431,0.963005856279779,0.927788720342776,0.999399279134962,FALSE,0,TRUE,TRUE,TRUE,"physical=near_sample_mean | transport=near_sample_mean | material=very_high","physical=very_high | transport=low | material=low"
2,10,0.700614142279726,0.753147128464103,0.052532986184377,2.51977128825795,2.51812791597584,0,1.16578049446836,0.0583554376657822,0.863378577849794,0,FALSE,0,TRUE,TRUE,TRUE,"physical=low | transport=very_high | material=near_sample_mean","physical=low | transport=high | material=very_high"
13,17,0.35846558495592,0.411478063561189,0.0530124786052697,1.64860003007213,1.64604103548186,0,1.41260850344086,0.048781602652377,0.625361794787828,0.093055814930361,FALSE,0,TRUE,TRUE,TRUE,"physical=low | transport=very_high | material=near_sample_mean","physical=near_sample_mean | transport=near_sample_mean | material=very_high"
2,5,0.700614142279726,0.768362841338857,0.0677486990591309,2.4674317492939,2.46463988824959,0,1.45499078429954,0.055159733394622,0.832529241101695,0,FALSE,0,TRUE,TRUE,TRUE,"physical=low | transport=very_high | material=near_sample_mean","physical=near_sample_mean | transport=high | material=very_high"
10,20,0.753147128464103,0.680102082516486,0.0730450459476164,4.41559431209762,4.4137814165199,3,5.6241698157179,0.97696926101368,0.89823969134314,1,FALSE,0,TRUE,TRUE,TRUE,"physical=low | transport=high | material=very_high","physical=very_high | transport=low | material=near_sample_mean"
5,20,0.768362841338857,0.680102082516486,0.0882607588223704,4.00373790790668,4.00081833511162,3,5.33664465275906,0.973261907097495,0.893141473596386,1,FALSE,0,TRUE,TRUE,TRUE,"physical=near_sample_mean | transport=high | material=very_high","physical=very_high | transport=low | material=near_sample_mean"
1,17,0.322983783024813,0.411478063561189,0.0884942805363763,2.78770504205381,2.78348804352188,1,1.67356275656913,0.0866683557684188,0.932104648026611,0.128147790954588,FALSE,0,TRUE,TRUE,TRUE,"physical=low | transport=very_high | material=low","physical=near_sample_mean | transport=near_sample_mean | material=very_high"
15,17,0.317510956837863,0.411478063561189,0.093967106723326,1.19570128908586,1.18457254791918,2,1.251573950555,0.177350916337701,0.316581485083687,0.482631905539395,TRUE,1393,TRUE,TRUE,TRUE,"physical=high | transport=near_sample_mean | material=near_sample_mean","physical=near_sample_mean | transport=near_sample_mean | material=very_high"
9,21,1.01576849901922,0.901823238672831,0.113945260346389,6.55923008334598,6.55626026933073,3,8.79395903399965,1,0.957746478873239,1,FALSE,0,TRUE,TRUE,TRUE,"physical=low | transport=very_high | material=high","physical=very_high | transport=low | material=low"
4,5,0.889424898014481,0.768362841338857,0.121062056675624,1.09130742715282,1.0709733123936,0,0.990000416558327,0.022438531391283,0.243204697632498,0,TRUE,1212,TRUE,TRUE,TRUE,"physical=low | transport=very_high | material=very_high","physical=near_sample_mean | transport=high | material=very_high"
4,9,0.889424898014481,1.01576849901922,0.126343601004739,1.23517627429958,1.21563658716248,0,0.580999611126481,0.028296423242277,0.374495841151181,0,TRUE,388,TRUE,TRUE,TRUE,"physical=low | transport=very_high | material=very_high","physical=low | transport=very_high | material=high"
5,21,0.768362841338857,0.901823238672831,0.133460397333975,5.18325548939475,5.17809834160874,3,7.30441786924846,0.987129395541255,0.956827149983329,1,FALSE,0,TRUE,TRUE,TRUE,"physical=near_sample_mean | transport=high | material=very_high","physical=very_high | transport=low | material=low"
14,16,-0.00878346943124466,-0.150369764040905,0.14158629460966,2.35616267470138,2.34336563796436,2,4.33654232397318,0.505717794236157,0.58725072591683,0.625526405180268,TRUE,14,TRUE,TRUE,TRUE,"physical=near_sample_mean | transport=high | material=near_sample_mean","physical=very_high | transport=low | material=low"
10,21,0.753147128464103,0.901823238672831,0.148676110208729,5.59914441699831,5.59321950625603,3,7.5851886244088,0.990836749457439,0.957264202528894,1,FALSE,0,TRUE,TRUE,TRUE,"physical=low | transport=high | material=very_high","physical=very_high | transport=low | material=low"
3,15,0.164982029382199,0.317510956837863,0.152528927455665,1.20256182293498,1.1731835819037,2,1.67007214034138,0.169479656269288,0.177262473872644,0.2495042345491,TRUE,1808,TRUE,TRUE,TRUE,"physical=near_sample_mean | transport=near_sample_mean | material=high","physical=high | transport=near_sample_mean | material=near_sample_mean"
1,3,0.322983783024813,0.164982029382199,0.158001753642614,2.34074959306918,2.32469675334033,1,1.25548555607357,0.099703923290307,0.841953887161123,0.361275461944882,TRUE,1,TRUE,TRUE,TRUE,"physical=low | transport=very_high | material=low","physical=near_sample_mean | transport=near_sample_mean | material=high"
3,14,0.164982029382199,-0.00878346943124466,0.173765498813443,1.12194506783882,1.08082255227868,1,0.553110946518861,0.0614567797727058,0.550767413964231,0.208608237342423,TRUE,1263,TRUE,TRUE,TRUE,"physical=near_sample_mean | transport=near_sample_mean | material=high","physical=near_sample_mean | transport=high | material=near_sample_mean"
7,16,-0.326743059652282,-0.150369764040905,0.176373295611378,2.2526377951524,2.2318275959255,2,4.0568645764449,0.458062547815099,0.479690691070532,0.626409017713366,FALSE,0,TRUE,TRUE,TRUE,"physical=low | transport=near_sample_mean | material=near_sample_mean","physical=very_high | transport=low | material=low"
2,4,0.700614142279726,0.889424898014481,0.188810755734755,1.70392427884088,1.67224682495738,0,0.467355244257382,0.0327212020033389,0.589680150320269,0,TRUE,389,TRUE,TRUE,TRUE,"physical=low | transport=very_high | material=near_sample_mean","physical=low | transport=very_high | material=very_high"
6,16,-0.341412623712012,-0.150369764040905,0.191042859671108,1.35634675099604,1.31536473506156,0,2.54057364966082,0.378817850707224,0.314111828606119,0.508113490895473,TRUE,4682,TRUE,TRUE,TRUE,"physical=near_sample_mean | transport=low | material=near_sample_mean","physical=very_high | transport=low | material=low"
3,13,0.164982029382199,0.35846558495592,0.193483555573721,1.26021845517856,1.21484274535443,0,0.994291322425608,0.0618171701742651,0.488612812107323,0.326183485920655,TRUE,2315,TRUE,TRUE,TRUE,"physical=near_sample_mean | transport=near_sample_mean | material=high","physical=low | transport=very_high | material=near_sample_mean"
3,18,0.164982029382199,0.360339841570018,0.19535781218782,3.70520848063062,3.68972571617304,3,6.2750534433497,0.955134596211366,0.818084208911727,1,FALSE,0,TRUE,TRUE,TRUE,"physical=near_sample_mean | transport=near_sample_mean | material=high","physical=very_high | transport=low | material=low"
2,21,0.700614142279726,0.901823238672831,0.201209096393105,6.17473455732211,6.16489185241508,2,8.68032618859642,1,0.955654428664035,1,FALSE,0,TRUE,TRUE,TRUE,"physical=low | transport=very_high | material=near_sample_mean","physical=very_high | transport=low | material=low"
4,20,0.889424898014481,0.680102082516486,0.209322815497994,4.8428255033828,4.82923500494135,3,6.30670665947939,0.984463062474437,0.899383409946213,1,FALSE,0,TRUE,TRUE,TRUE,"physical=low | transport=very_high | material=very_high","physical=very_high | transport=low | material=near_sample_mean"
16,24,-0.150369764040905,-0.370453249356996,0.220083485316091,1.99506082606342,1.95830474598981,1,3.25459197890197,0.419457810835701,0.493753799690142,0.626409017713366,FALSE,0,TRUE,TRUE,TRUE,"physical=very_high | transport=low | material=low","physical=low | transport=near_sample_mean | material=near_sample_mean"
20,21,0.680102082516486,0.901823238672831,0.221721156156345,1.24344085974478,1.18265141035764,0,2.13486088997617,0.376917901864189,0.237374943032617,0,TRUE,30,TRUE,TRUE,TRUE,"physical=very_high | transport=low | material=near_sample_mean","physical=very_high | transport=low | material=low"
5,9,0.768362841338857,1.01576849901922,0.247405657680363,2.25704237725019,2.21598998516384,0,1.56995321765609,0.05073495463356,0.617700538783679,0,FALSE,0,TRUE,TRUE,TRUE,"physical=near_sample_mean | transport=high | material=very_high","physical=low | transport=very_high | material=high"
