"weight_id","w_physical","w_transport","w_material","min_weight","max_weight","n_gap025_dist1","n_gap025_dist2","n_gap025_dist3"
1,0,0,1,0,1,32,23,15
2,0,0.05,0.95,0,0.95,31,22,14
3,0,0.1,0.9,0,0.9,30,20,11
4,0,0.15,0.85,0,0.85,28,18,10
5,0,0.2,0.8,0,0.8,25,15,8
6,0,0.25,0.75,0,0.75,23,14,8
7,0,0.3,0.7,0,0.7,22,14,8
8,0,0.35,0.65,0,0.65,21,14,9
9,0,0.4,0.6,0,0.6,21,14,9
10,0,0.45,0.55,0,0.55,21,14,8
11,0,0.5,0.5,0,0.5,21,15,8
12,0,0.55,0.45,0,0.55,23,13,7
13,0,0.6,0.4,0,0.6,21,11,4
14,0,0.65,0.35,0,0.65,21,10,4
15,0,0.7,0.3,0,0.7,22,10,5
16,0,0.75,0.25,0,0.75,21,10,5
17,0,0.8,0.2,0,0.8,22,12,6
18,0,0.85,0.15,0,0.85,23,12,6
19,0,0.9,0.1,0,0.9,19,11,4
20,0,0.95,0.05,0,0.95,20,11,5
21,0,1,0,0,1,20,12,5
22,0.05,0,0.95,0,0.95,32,22,14
23,0.05,0.05,0.9,0.05,0.9,32,21,13
24,0.05,0.1,0.85,0.05,0.85,36,25,16
25,0.05,0.15,0.8,0.05,0.8,34,23,15
26,0.05,0.2,0.75,0.05,0.75,32,20,13
27,0.05,0.25,0.7,0.05,0.7,28,17,10
28,0.05,0.3,0.65,0.05,0.65,25,16,10
29,0.05,0.35,0.6,0.05,0.6,26,16,11
30,0.05,0.4,0.55,0.05,0.55,23,14,8
31,0.05,0.45,0.5,0.05,0.5,24,15,9
32,0.05,0.5,0.45,0.05,0.5,25,17,9
33,0.05,0.55,0.4,0.05,0.55,25,16,9
34,0.05,0.6,0.35,0.05,0.6,28,16,9
35,0.05,0.65,0.3,0.05,0.65,26,13,8
36,0.05,0.7,0.25,0.05,0.7,27,15,9
37,0.05,0.75,0.2,0.05,0.75,29,17,10
38,0.05,0.8,0.15,0.05,0.8,28,16,10
39,0.05,0.85,0.1,0.05,0.85,24,16,10
40,0.05,0.9,0.05,0.05,0.9,24,15,9
41,0.05,0.95,0,0,0.95,26,17,10
42,0.1,0,0.9,0,0.9,29,18,9
43,0.1,0.05,0.85,0.05,0.85,31,19,9
44,0.1,0.1,0.8,0.1,0.8,35,23,13
45,0.1,0.15,0.75,0.1,0.75,37,24,13
46,0.1,0.2,0.7,0.1,0.7,35,22,14
47,0.1,0.25,0.65,0.1,0.65,32,20,13
48,0.1,0.3,0.6,0.1,0.6,32,21,13
49,0.1,0.35,0.55,0.1,0.55,30,19,12
50,0.1,0.4,0.5,0.1,0.5,27,17,10
51,0.1,0.45,0.45,0.1,0.45,29,18,10
52,0.1,0.5,0.4,0.1,0.5,27,16,9
53,0.1,0.55,0.35,0.1,0.55,28,15,9
54,0.1,0.6,0.3,0.1,0.6,31,15,9
55,0.1,0.65,0.25,0.1,0.65,28,13,9
56,0.1,0.7,0.2,0.1,0.7,29,16,10
57,0.1,0.75,0.15,0.1,0.75,29,15,10
58,0.1,0.8,0.1,0.1,0.8,27,16,10
59,0.1,0.85,0.05,0.05,0.85,27,18,11
60,0.1,0.9,0,0,0.9,27,17,10
61,0.15,0,0.85,0,0.85,28,17,8
62,0.15,0.05,0.8,0.05,0.8,29,19,9
63,0.15,0.1,0.75,0.1,0.75,34,23,11
64,0.15,0.15,0.7,0.15,0.7,35,23,10
65,0.15,0.2,0.65,0.15,0.65,33,21,11
66,0.15,0.25,0.6,0.15,0.6,30,19,10
67,0.15,0.3,0.55,0.15,0.55,31,20,10
68,0.15,0.35,0.5,0.15,0.5,27,16,8
69,0.15,0.4,0.45,0.15,0.45,26,16,8
70,0.15,0.45,0.4,0.15,0.45,28,17,8
71,0.15,0.5,0.35,0.15,0.5,29,17,9
72,0.15,0.55,0.3,0.15,0.55,32,18,9
73,0.15,0.6,0.25,0.15,0.6,31,17,8
74,0.15,0.65,0.2,0.15,0.65,31,16,8
75,0.15,0.7,0.15,0.15,0.7,29,14,7
76,0.15,0.75,0.1,0.1,0.75,30,16,9
77,0.15,0.8,0.05,0.05,0.8,27,16,8
78,0.15,0.85,0,0,0.85,29,17,9
79,0.2,0,0.8,0,0.8,28,16,10
80,0.2,0.05,0.75,0.05,0.75,27,15,8
81,0.2,0.1,0.7,0.1,0.7,34,23,12
82,0.2,0.15,0.65,0.15,0.65,35,23,12
83,0.2,0.2,0.6,0.2,0.6,33,21,12
84,0.2,0.25,0.55,0.2,0.55,32,21,13
85,0.2,0.3,0.5,0.2,0.5,33,22,13
86,0.2,0.35,0.45,0.2,0.45,32,22,13
87,0.2,0.4,0.4,0.2,0.4,28,17,10
88,0.2,0.45,0.35,0.2,0.45,29,19,9
89,0.2,0.5,0.3,0.2,0.5,30,18,10
90,0.2,0.55,0.25,0.2,0.55,34,19,11
91,0.2,0.6,0.2,0.2,0.6,33,18,11
92,0.2,0.65,0.15,0.15,0.65,35,20,12
93,0.2,0.7,0.1,0.1,0.7,34,19,12
94,0.2,0.75,0.05,0.05,0.75,32,22,13
95,0.2,0.8,0,0,0.8,34,20,12
96,0.25,0,0.75,0,0.75,30,19,13
97,0.25,0.05,0.7,0.05,0.7,33,21,13
98,0.25,0.1,0.65,0.1,0.65,31,21,12
99,0.25,0.15,0.6,0.15,0.6,33,22,12
100,0.25,0.2,0.55,0.2,0.55,33,22,13
101,0.25,0.25,0.5,0.25,0.5,33,22,13
102,0.25,0.3,0.45,0.25,0.45,32,22,14
103,0.25,0.35,0.4,0.25,0.4,33,21,13
104,0.25,0.4,0.35,0.25,0.4,35,22,14
105,0.25,0.45,0.3,0.25,0.45,35,22,13
106,0.25,0.5,0.25,0.25,0.5,39,24,14
107,0.25,0.55,0.2,0.2,0.55,37,22,12
108,0.25,0.6,0.15,0.15,0.6,36,21,12
109,0.25,0.65,0.1,0.1,0.65,34,20,12
110,0.25,0.7,0.05,0.05,0.7,35,24,14
111,0.25,0.75,0,0,0.75,33,20,13
112,0.3,0,0.7,0,0.7,32,20,15
113,0.3,0.05,0.65,0.05,0.65,34,21,14
114,0.3,0.1,0.6,0.1,0.6,36,24,16
115,0.3,0.15,0.55,0.15,0.55,37,25,16
116,0.3,0.2,0.5,0.2,0.5,36,24,15
117,0.3,0.25,0.45,0.25,0.45,36,23,15
118,0.3,0.3,0.4,0.3,0.4,35,25,15
119,0.3,0.35,0.35,0.3,0.35,38,26,18
120,0.3,0.4,0.3,0.3,0.4,38,26,17
121,0.3,0.45,0.25,0.25,0.45,39,24,18
122,0.3,0.5,0.2,0.2,0.5,39,24,16
123,0.3,0.55,0.15,0.15,0.55,37,23,16
124,0.3,0.6,0.1,0.1,0.6,37,23,17
125,0.3,0.65,0.05,0.05,0.65,39,26,17
126,0.3,0.7,0,0,0.7,32,22,15
127,0.35,0,0.65,0,0.65,35,23,16
128,0.35,0.05,0.6,0.05,0.6,34,22,15
129,0.35,0.1,0.55,0.1,0.55,32,20,12
130,0.35,0.15,0.5,0.15,0.5,38,25,16
131,0.35,0.2,0.45,0.2,0.45,36,23,14
132,0.35,0.25,0.4,0.25,0.4,36,23,16
133,0.35,0.3,0.35,0.3,0.35,39,28,17
134,0.35,0.35,0.3,0.3,0.35,35,25,16
135,0.35,0.4,0.25,0.25,0.4,40,28,17
136,0.35,0.45,0.2,0.2,0.45,43,28,18
137,0.35,0.5,0.15,0.15,0.5,43,31,21
138,0.35,0.55,0.1,0.1,0.55,40,28,21
139,0.35,0.6,0.05,0.05,0.6,45,32,22
140,0.35,0.65,0,0,0.65,40,29,22
141,0.4,0,0.6,0,0.6,32,23,15
142,0.4,0.05,0.55,0.05,0.55,36,27,16
143,0.4,0.1,0.5,0.1,0.5,34,24,15
144,0.4,0.15,0.45,0.15,0.45,36,27,16
145,0.4,0.2,0.4,0.2,0.4,34,25,15
146,0.4,0.25,0.35,0.25,0.4,38,28,18
147,0.4,0.3,0.3,0.3,0.4,38,29,18
148,0.4,0.35,0.25,0.25,0.4,38,28,18
149,0.4,0.4,0.2,0.2,0.4,43,29,19
150,0.4,0.45,0.15,0.15,0.45,50,35,21
151,0.4,0.5,0.1,0.1,0.5,44,32,20
152,0.4,0.55,0.05,0.05,0.55,51,38,26
153,0.4,0.6,0,0,0.6,45,32,23
154,0.45,0,0.55,0,0.55,32,22,13
155,0.45,0.05,0.5,0.05,0.5,31,20,11
156,0.45,0.1,0.45,0.1,0.45,35,24,12
157,0.45,0.15,0.4,0.15,0.45,34,22,12
158,0.45,0.2,0.35,0.2,0.45,39,25,14
159,0.45,0.25,0.3,0.25,0.45,43,29,16
160,0.45,0.3,0.25,0.25,0.45,42,29,15
161,0.45,0.35,0.2,0.2,0.45,45,28,15
162,0.45,0.4,0.15,0.15,0.45,48,31,17
163,0.45,0.45,0.1,0.1,0.45,43,29,16
164,0.45,0.5,0.05,0.05,0.5,52,35,20
165,0.45,0.55,0,0,0.55,46,32,22
166,0.5,0,0.5,0,0.5,35,22,11
167,0.5,0.05,0.45,0.05,0.5,36,20,9
168,0.5,0.1,0.4,0.1,0.5,37,22,8
169,0.5,0.15,0.35,0.15,0.5,37,21,9
170,0.5,0.2,0.3,0.2,0.5,36,22,10
171,0.5,0.25,0.25,0.25,0.5,39,23,11
172,0.5,0.3,0.2,0.2,0.5,43,25,10
173,0.5,0.35,0.15,0.15,0.5,46,27,11
174,0.5,0.4,0.1,0.1,0.5,45,27,11
175,0.5,0.45,0.05,0.05,0.5,46,28,14
176,0.5,0.5,0,0,0.5,50,31,17
177,0.55,0,0.45,0,0.55,37,21,10
178,0.55,0.05,0.4,0.05,0.55,35,18,7
179,0.55,0.1,0.35,0.1,0.55,40,21,8
180,0.55,0.15,0.3,0.15,0.55,40,22,7
181,0.55,0.2,0.25,0.2,0.55,39,21,8
182,0.55,0.25,0.2,0.2,0.55,40,19,7
183,0.55,0.3,0.15,0.15,0.55,50,27,12
184,0.55,0.35,0.1,0.1,0.55,51,29,12
185,0.55,0.4,0.05,0.05,0.55,50,29,14
186,0.55,0.45,0,0,0.55,49,28,14
187,0.6,0,0.4,0,0.6,36,19,9
188,0.6,0.05,0.35,0.05,0.6,41,22,10
189,0.6,0.1,0.3,0.1,0.6,40,19,7
190,0.6,0.15,0.25,0.15,0.6,43,24,8
191,0.6,0.2,0.2,0.2,0.6,43,22,9
192,0.6,0.25,0.15,0.15,0.6,53,29,13
193,0.6,0.3,0.1,0.1,0.6,58,33,18
194,0.6,0.35,0.05,0.05,0.6,65,39,20
195,0.6,0.4,0,0,0.6,60,35,18
196,0.65,0,0.35,0,0.65,43,25,14
197,0.65,0.05,0.3,0.05,0.65,45,24,12
198,0.65,0.1,0.25,0.1,0.65,48,25,10
199,0.65,0.15,0.2,0.15,0.65,49,26,10
200,0.65,0.2,0.15,0.15,0.65,52,26,8
201,0.65,0.25,0.1,0.1,0.65,64,35,13
202,0.65,0.3,0.05,0.05,0.65,69,39,17
203,0.65,0.35,0,0,0.65,66,39,19
204,0.7,0,0.3,0,0.7,41,21,11
205,0.7,0.05,0.25,0.05,0.7,50,26,12
206,0.7,0.1,0.2,0.1,0.7,52,26,9
207,0.7,0.15,0.15,0.15,0.7,58,28,6
208,0.7,0.2,0.1,0.1,0.7,71,38,9
209,0.7,0.25,0.05,0.05,0.7,72,41,11
210,0.7,0.3,0,0,0.7,75,43,17
211,0.75,0,0.25,0,0.75,44,24,8
212,0.75,0.05,0.2,0.05,0.75,55,27,8
213,0.75,0.1,0.15,0.1,0.75,63,30,8
214,0.75,0.15,0.1,0.1,0.75,70,38,8
215,0.75,0.2,0.05,0.05,0.75,81,48,15
216,0.75,0.25,0,0,0.75,82,50,16
217,0.8,0,0.2,0,0.8,51,27,11
218,0.8,0.05,0.15,0.05,0.8,61,33,13
219,0.8,0.1,0.1,0.1,0.8,72,40,15
220,0.8,0.15,0.05,0.05,0.8,88,54,20
221,0.8,0.2,0,0,0.8,89,57,19
222,0.85,0,0.15,0,0.85,56,30,15
223,0.85,0.05,0.1,0.05,0.85,71,41,17
224,0.85,0.1,0.05,0.05,0.85,88,54,25
225,0.85,0.15,0,0,0.85,99,64,28
226,0.9,0,0.1,0,0.9,63,37,17
227,0.9,0.05,0.05,0.05,0.9,81,49,23
228,0.9,0.1,0,0,0.9,89,58,25
229,0.95,0,0.05,0,0.95,63,37,18
230,0.95,0.05,0,0,0.95,79,50,22
231,1,0,0,0,1,67,41,18
