"sample_position","canonical_row","lsoa21cd"
1,22,"E01000025"
2,823,"E01000859"
3,1037,"E01001085"
4,1039,"E01001087"
5,1100,"E01001149"
6,1124,"E01001173"
7,1222,"E01001275"
8,1400,"E01001455"
9,1479,"E01001538"
10,1545,"E01001605"
11,1656,"E01001739"
12,1767,"E01001863"
13,1870,"E01001969"
14,2010,"E01002112"
15,2064,"E01002169"
16,2102,"E01002209"
17,2326,"E01002439"
18,2388,"E01002502"
19,2601,"E01002736"
20,2934,"E01003079"
21,2967,"E01003114"
22,2985,"E01003132"
23,3080,"E01003228"
24,3175,"E01003331"
25,3198,"E01003354"
26,3592,"E01003768"
27,3703,"E01003880"
28,3938,"E01004137"
29,4063,"E01004289"
30,4124,"E01004357"
31,4224,"E01004459"
32,4322,"E01004559"
33,4338,"E01004577"
34,4616,"E01004876"
35,4719,"E01004980"
36,5060,"E01005349"
37,5248,"E01005547"
38,5294,"E01005595"
39,5374,"E01005687"
40,5375,"E01005688"
41,5666,"E01005983"
42,5679,"E01005996"
43,5798,"E01006115"
44,5884,"E01006202"
45,5987,"E01006305"
46,6098,"E01006416"
47,6130,"E01006449"
48,6175,"E01006497"
49,6232,"E01006562"
50,6407,"E01006753"
51,6806,"E01007167"
52,6902,"E01007263"
53,6911,"E01007272"
54,6950,"E01007311"
55,7421,"E01007796"
56,7695,"E01008086"
57,7719,"E01008112"
58,7797,"E01008197"
59,7841,"E01008241"
60,8197,"E01008613"
61,8272,"E01008690"
62,8345,"E01008766"
63,8368,"E01008789"
64,8381,"E01008805"
65,8417,"E01008847"
66,8465,"E01008896"
67,8703,"E01009162"
68,8715,"E01009175"
69,8930,"E01009416"
70,9136,"E01009638"
71,9185,"E01009693"
72,9347,"E01009858"
73,9526,"E01010041"
74,9548,"E01010064"
75,9624,"E01010142"
76,9702,"E01010221"
77,9896,"E01010421"
78,9909,"E01010434"
79,10278,"E01010811"
80,10330,"E01010866"
81,10418,"E01010954"
82,11007,"E01011578"
83,11012,"E01011583"
84,11063,"E01011636"
85,11695,"E01012325"
86,11924,"E01012559"
87,12065,"E01012705"
88,12336,"E01012992"
89,12551,"E01013215"
90,12555,"E01013219"
91,12683,"E01013352"
92,12694,"E01013363"
93,12826,"E01013501"
94,13135,"E01013827"
95,13325,"E01014038"
96,13328,"E01014041"
97,13379,"E01014092"
98,13472,"E01014189"
99,13524,"E01014245"
100,13692,"E01014419"
101,13956,"E01014698"
102,14209,"E01014964"
103,14309,"E01015069"
104,14516,"E01015288"
105,14695,"E01015475"
106,14748,"E01015530"
107,14812,"E01015598"
108,14821,"E01015608"
109,14863,"E01015654"
110,15161,"E01015959"
111,15180,"E01015979"
112,15250,"E01016052"
113,15686,"E01016517"
114,16092,"E01016948"
115,16305,"E01017170"
116,16870,"E01017777"
117,16923,"E01017830"
118,17050,"E01017964"
119,17299,"E01018240"
120,17412,"E01018362"
121,17522,"E01018479"
122,17523,"E01018481"
123,17531,"E01018489"
124,17553,"E01018511"
125,17643,"E01018605"
126,17720,"E01018685"
127,17725,"E01018690"
128,17741,"E01018706"
129,18050,"E01019032"
130,18070,"E01019053"
131,18133,"E01019118"
132,18150,"E01019135"
133,18181,"E01019167"
134,18204,"E01019193"
135,18363,"E01019360"
136,18509,"E01019513"
137,18527,"E01019531"
138,18639,"E01019645"
139,18764,"E01019770"
140,18792,"E01019800"
141,18796,"E01019804"
142,18805,"E01019813"
143,18910,"E01019928"
144,19064,"E01020092"
145,19169,"E01020197"
146,19292,"E01020324"
147,19366,"E01020400"
148,19459,"E01020497"
149,19547,"E01020591"
150,19965,"E01021032"
151,20073,"E01021140"
152,20413,"E01021491"
153,20436,"E01021514"
154,20456,"E01021535"
155,20561,"E01021650"
156,20638,"E01021738"
157,20959,"E01022067"
158,20970,"E01022078"
159,21001,"E01022112"
160,21516,"E01022664"
161,21650,"E01022803"
162,21748,"E01022914"
163,21807,"E01022976"
164,21830,"E01022999"
165,21856,"E01023025"
166,22126,"E01023306"
167,22139,"E01023319"
168,22183,"E01023366"
169,22215,"E01023399"
170,22293,"E01023481"
171,22351,"E01023544"
172,22569,"E01023767"
173,22590,"E01023790"
174,22605,"E01023805"
175,22623,"E01023824"
176,22850,"E01024072"
177,23101,"E01024339"
178,23445,"E01024702"
179,23883,"E01025162"
180,23884,"E01025163"
181,24362,"E01025653"
182,24458,"E01025754"
183,24459,"E01025755"
184,24505,"E01025804"
185,24632,"E01025938"
186,24655,"E01025961"
187,24737,"E01026048"
188,24970,"E01026293"
189,25116,"E01026446"
190,25130,"E01026462"
191,25325,"E01026664"
192,25371,"E01026713"
193,25490,"E01026837"
194,25515,"E01026865"
195,25566,"E01026918"
196,25733,"E01027103"
197,25954,"E01027336"
198,25978,"E01027362"
199,26354,"E01027759"
200,26362,"E01027767"
201,26589,"E01028010"
202,27046,"E01028489"
203,27236,"E01028694"
204,27248,"E01028706"
205,27310,"E01028776"
206,27353,"E01028822"
207,27512,"E01028990"
208,27740,"E01029237"
209,27775,"E01029274"
210,27915,"E01029423"
211,27968,"E01029476"
212,28022,"E01029535"
213,28270,"E01029789"
214,28619,"E01030163"
215,28639,"E01030186"
216,28772,"E01030323"
217,29002,"E01030557"
218,29260,"E01030820"
219,29368,"E01030930"
220,29382,"E01030945"
221,29595,"E01031172"
222,29893,"E01031482"
223,30087,"E01031688"
224,30230,"E01031841"
225,30344,"E01031967"
226,30368,"E01031993"
227,30410,"E01032038"
228,30480,"E01032113"
229,30558,"E01032199"
230,30651,"E01032296"
231,30705,"E01032351"
232,30723,"E01032371"
233,31027,"E01032697"
234,31094,"E01032788"
235,31128,"E01032833"
236,31204,"E01032938"
237,31221,"E01032957"
238,31366,"E01033137"
239,31479,"E01033296"
240,31497,"E01033324"
241,31631,"E01033514"
242,31855,"E01033813"
243,31999,"E01033957"
244,32057,"E01034015"
245,32269,"E01034230"
246,32330,"E01034291"
247,32414,"E01034375"
248,32747,"E01034708"
249,32825,"E01034786"
250,32927,"E01034932"
251,33199,"E01035204"
252,33375,"E01035380"
253,33460,"E01035465"
254,33566,"E01035572"
255,33583,"E01035589"
256,33653,"E01035659"
