radius_index,radius,grid_role
1,0.01,rounded_sparse_boundary
2,0.02,dense_0.01_span
3,0.03,dense_0.01_span
4,0.04,dense_0.01_span
5,0.05,dense_0.01_span
6,0.06,dense_0.01_span
7,0.07,dense_0.01_span
8,0.08,dense_0.01_span
9,0.09,dense_0.01_span
10,0.1,dense_0.01_span
11,0.11,dense_0.01_span
12,0.12,dense_0.01_span
13,0.13,dense_0.01_span
14,0.14,dense_0.01_span
15,0.15,dense_0.01_span
16,0.16,dense_0.01_span
17,0.17,dense_0.01_span
18,0.18,dense_0.01_span
19,0.19,dense_0.01_span
20,0.2,dense_0.01_span
21,0.21,dense_0.01_span
22,0.22,dense_0.01_span
23,0.23,dense_0.01_span
24,0.24,dense_0.01_span
25,0.25,dense_0.01_span
26,0.26,dense_0.01_span
27,0.27,dense_0.01_span
28,0.28,dense_0.01_span
29,0.29,dense_0.01_span
30,0.3,dense_0.01_span
31,0.31,dense_0.01_span
32,0.32,dense_0.01_span
33,0.33,dense_0.01_span
34,0.34,dense_0.01_span
35,0.35,dense_0.01_span
36,0.36,dense_0.01_span
37,0.37,dense_0.01_span
38,0.38,dense_0.01_span
39,0.39,dense_0.01_span
40,0.4,dense_0.01_span
41,0.41,dense_0.01_span
42,0.42,dense_0.01_span
43,0.43,dense_0.01_span
44,0.44,dense_0.01_span
45,0.45,dense_0.01_span
46,0.46,dense_0.01_span
47,0.47,dense_0.01_span
48,0.48,dense_0.01_span
49,0.49,dense_0.01_span
50,0.5,dense_0.01_span
51,0.51,dense_0.01_span
52,0.52,dense_0.01_span
53,0.53,dense_0.01_span
54,0.54,dense_0.01_span
55,0.55,dense_0.01_span
56,0.56,dense_0.01_span
57,0.57,dense_0.01_span
58,0.58,dense_0.01_span
59,0.59,dense_0.01_span
60,0.6,dense_0.01_span
61,0.61,dense_0.01_span
62,0.62,dense_0.01_span
63,0.63,dense_0.01_span
64,0.64,dense_0.01_span
65,0.65,dense_0.01_span
66,0.66,dense_0.01_span
67,0.67,dense_0.01_span
68,0.68,dense_0.01_span
69,0.69,dense_0.01_span
70,0.7,dense_0.01_span
71,0.71,dense_0.01_span
72,0.72,dense_0.01_span
73,0.73,dense_0.01_span
74,0.74,dense_0.01_span
75,0.75,dense_0.01_span
76,0.76,dense_0.01_span
77,0.77,dense_0.01_span
78,0.78,dense_0.01_span
79,0.79,dense_0.01_span
80,0.8,dense_0.01_span
81,0.81,dense_0.01_span
82,0.82,dense_0.01_span
83,0.83,dense_0.01_span
84,0.84,dense_0.01_span
85,0.85,dense_0.01_span
86,0.86,dense_0.01_span
87,0.87,dense_0.01_span
88,0.88,dense_0.01_span
89,0.89,dense_0.01_span
90,0.9,dense_0.01_span
91,0.91,dense_0.01_span
92,0.92,dense_0.01_span
93,0.93,dense_0.01_span
94,0.94,dense_0.01_span
95,0.95,dense_0.01_span
96,0.96,dense_0.01_span
97,0.97,dense_0.01_span
98,0.98,dense_0.01_span
99,0.99,dense_0.01_span
100,1.0,dense_0.01_span
101,1.01,dense_0.01_span
102,1.02,dense_0.01_span
103,1.03,dense_0.01_span
104,1.04,dense_0.01_span
105,1.05,dense_0.01_span
106,1.06,dense_0.01_span
107,1.07,dense_0.01_span
108,1.08,dense_0.01_span
109,1.09,dense_0.01_span
110,1.1,dense_0.01_span
111,1.11,dense_0.01_span
112,1.12,dense_0.01_span
113,1.13,dense_0.01_span
114,1.14,dense_0.01_span
115,1.15,dense_0.01_span
116,1.16,dense_0.01_span
117,1.17,dense_0.01_span
118,1.18,dense_0.01_span
119,1.19,dense_0.01_span
120,1.2,dense_0.01_span
121,1.21,dense_0.01_span
122,1.22,dense_0.01_span
123,1.23,dense_0.01_span
124,1.24,dense_0.01_span
125,1.25,dense_0.01_span
126,1.26,dense_0.01_span
127,1.27,dense_0.01_span
128,1.28,dense_0.01_span
129,1.29,dense_0.01_span
130,1.3,dense_0.01_span
131,1.31,dense_0.01_span
132,1.32,dense_0.01_span
133,1.33,dense_0.01_span
134,1.34,dense_0.01_span
135,1.35,dense_0.01_span
136,1.36,dense_0.01_span
137,1.37,dense_0.01_span
138,1.38,dense_0.01_span
139,1.39,dense_0.01_span
140,1.4,dense_0.01_span
141,1.41,dense_0.01_span
142,1.42,dense_0.01_span
143,1.43,dense_0.01_span
144,1.44,dense_0.01_span
145,1.45,dense_0.01_span
146,1.46,dense_0.01_span
147,1.47,dense_0.01_span
148,1.48,dense_0.01_span
149,1.49,dense_0.01_span
150,1.5,dense_0.01_span
151,1.51,dense_0.01_span
152,1.52,dense_0.01_span
153,1.53,dense_0.01_span
154,1.54,dense_0.01_span
155,1.55,dense_0.01_span
156,1.56,dense_0.01_span
157,1.57,dense_0.01_span
158,1.58,dense_0.01_span
159,1.59,dense_0.01_span
160,1.6,dense_0.01_span
161,1.61,dense_0.01_span
162,1.62,dense_0.01_span
163,1.63,dense_0.01_span
164,1.64,dense_0.01_span
165,1.65,dense_0.01_span
166,1.66,dense_0.01_span
167,1.67,dense_0.01_span
168,1.68,dense_0.01_span
169,1.69,dense_0.01_span
170,1.7,dense_0.01_span
171,1.71,dense_0.01_span
172,1.72,dense_0.01_span
173,1.73,dense_0.01_span
174,1.74,dense_0.01_span
175,1.75,dense_0.01_span
176,1.76,dense_0.01_span
177,1.77,dense_0.01_span
178,1.78,dense_0.01_span
179,1.79,dense_0.01_span
180,1.8,dense_0.01_span
181,1.81,dense_0.01_span
182,1.82,dense_0.01_span
183,1.83,dense_0.01_span
184,1.84,dense_0.01_span
185,1.85,dense_0.01_span
186,1.86,dense_0.01_span
187,1.87,dense_0.01_span
188,1.88,dense_0.01_span
189,1.89,dense_0.01_span
190,1.9,dense_0.01_span
191,1.91,dense_0.01_span
192,1.92,dense_0.01_span
193,1.93,dense_0.01_span
194,1.94,dense_0.01_span
195,1.95,dense_0.01_span
196,1.96,dense_0.01_span
197,1.97,dense_0.01_span
198,1.98,dense_0.01_span
199,1.99,dense_0.01_span
200,2.0,dense_0.01_span
201,2.01,dense_0.01_span
202,2.02,dense_0.01_span
203,2.03,dense_0.01_span
204,2.04,dense_0.01_span
205,2.05,dense_0.01_span
206,2.06,dense_0.01_span
207,2.07,dense_0.01_span
208,2.08,dense_0.01_span
209,2.09,dense_0.01_span
210,2.1,dense_0.01_span
211,2.11,dense_0.01_span
212,2.12,dense_0.01_span
213,2.13,dense_0.01_span
214,2.14,dense_0.01_span
215,2.15,dense_0.01_span
216,2.16,dense_0.01_span
217,2.17,dense_0.01_span
218,2.18,dense_0.01_span
219,2.19,dense_0.01_span
220,2.2,dense_0.01_span
221,2.21,dense_0.01_span
222,2.22,dense_0.01_span
223,2.23,dense_0.01_span
224,2.24,dense_0.01_span
225,2.25,dense_0.01_span
226,2.26,dense_0.01_span
227,2.27,dense_0.01_span
228,2.28,dense_0.01_span
229,2.29,dense_0.01_span
230,2.3,dense_0.01_span
231,2.31,dense_0.01_span
232,2.32,dense_0.01_span
233,2.33,dense_0.01_span
234,2.34,dense_0.01_span
235,2.35,dense_0.01_span
236,2.36,dense_0.01_span
237,2.37,dense_0.01_span
238,2.38,dense_0.01_span
239,2.39,dense_0.01_span
240,2.4,dense_0.01_span
241,2.41,dense_0.01_span
242,2.42,dense_0.01_span
243,2.43,dense_0.01_span
244,2.44,dense_0.01_span
245,2.45,dense_0.01_span
246,2.46,dense_0.01_span
247,2.47,dense_0.01_span
248,2.48,dense_0.01_span
249,2.49,dense_0.01_span
250,2.5,dense_0.01_span
251,2.51,dense_0.01_span
252,2.52,dense_0.01_span
253,2.53,dense_0.01_span
254,2.54,dense_0.01_span
255,2.55,dense_0.01_span
256,2.56,dense_0.01_span
257,2.57,dense_0.01_span
258,2.58,dense_0.01_span
259,2.59,dense_0.01_span
260,2.6,dense_0.01_span
261,2.61,dense_0.01_span
262,2.62,dense_0.01_span
263,2.63,dense_0.01_span
264,2.64,dense_0.01_span
265,2.65,dense_0.01_span
266,2.66,dense_0.01_span
267,2.67,dense_0.01_span
268,2.68,dense_0.01_span
269,2.69,dense_0.01_span
270,2.7,dense_0.01_span
271,2.71,dense_0.01_span
272,2.72,dense_0.01_span
273,2.73,dense_0.01_span
274,2.74,dense_0.01_span
275,2.75,dense_0.01_span
276,2.76,dense_0.01_span
277,2.77,dense_0.01_span
278,2.78,dense_0.01_span
279,2.79,dense_0.01_span
280,2.8,dense_0.01_span
281,2.81,dense_0.01_span
282,2.82,dense_0.01_span
283,2.83,dense_0.01_span
284,2.84,dense_0.01_span
285,2.85,dense_0.01_span
286,2.86,dense_0.01_span
287,2.87,dense_0.01_span
288,2.88,dense_0.01_span
289,2.89,dense_0.01_span
290,2.9,dense_0.01_span
291,2.91,dense_0.01_span
292,2.92,dense_0.01_span
293,2.93,dense_0.01_span
294,2.94,dense_0.01_span
295,2.95,dense_0.01_span
296,2.96,dense_0.01_span
297,2.97,dense_0.01_span
298,2.98,dense_0.01_span
299,2.99,dense_0.01_span
300,3.0,dense_0.01_span
301,3.01,dense_0.01_span
302,3.02,dense_0.01_span
303,3.03,dense_0.01_span
304,3.04,dense_0.01_span
305,3.05,dense_0.01_span
306,3.06,dense_0.01_span
307,3.07,dense_0.01_span
308,3.08,dense_0.01_span
309,3.09,dense_0.01_span
310,3.1,dense_0.01_span
311,3.11,dense_0.01_span
312,3.12,dense_0.01_span
313,3.13,dense_0.01_span
314,3.14,dense_0.01_span
315,3.15,dense_0.01_span
316,3.16,dense_0.01_span
317,3.17,dense_0.01_span
318,3.18,dense_0.01_span
319,3.19,dense_0.01_span
320,3.2,dense_0.01_span
321,3.21,dense_0.01_span
322,3.22,dense_0.01_span
323,3.23,dense_0.01_span
324,3.24,dense_0.01_span
325,3.25,dense_0.01_span
326,3.26,dense_0.01_span
327,3.27,dense_0.01_span
328,3.28,dense_0.01_span
329,3.29,dense_0.01_span
330,3.3,dense_0.01_span
331,3.31,dense_0.01_span
332,3.32,dense_0.01_span
333,3.33,dense_0.01_span
334,3.34,dense_0.01_span
335,3.35,dense_0.01_span
336,3.36,dense_0.01_span
337,3.37,dense_0.01_span
338,3.38,dense_0.01_span
339,3.39,dense_0.01_span
340,3.4,dense_0.01_span
341,3.41,dense_0.01_span
342,3.42,dense_0.01_span
343,3.43,dense_0.01_span
344,3.44,dense_0.01_span
345,3.45,dense_0.01_span
346,3.46,dense_0.01_span
347,3.47,dense_0.01_span
348,3.48,dense_0.01_span
349,3.49,dense_0.01_span
350,3.5,dense_0.01_span
351,3.51,dense_0.01_span
352,3.52,dense_0.01_span
353,3.53,dense_0.01_span
354,3.54,dense_0.01_span
355,3.55,dense_0.01_span
356,3.56,dense_0.01_span
357,3.57,dense_0.01_span
358,3.58,dense_0.01_span
359,3.59,dense_0.01_span
360,3.6,dense_0.01_span
361,3.61,dense_0.01_span
362,3.62,dense_0.01_span
363,3.63,dense_0.01_span
364,3.64,dense_0.01_span
365,3.65,dense_0.01_span
366,3.66,dense_0.01_span
367,3.67,dense_0.01_span
368,3.68,dense_0.01_span
369,3.69,dense_0.01_span
370,3.7,dense_0.01_span
371,3.71,dense_0.01_span
372,3.72,dense_0.01_span
373,3.73,dense_0.01_span
374,3.74,dense_0.01_span
375,3.75,dense_0.01_span
376,3.76,dense_0.01_span
377,3.77,dense_0.01_span
378,3.78,dense_0.01_span
379,3.79,dense_0.01_span
380,3.8,dense_0.01_span
381,3.81,dense_0.01_span
382,3.82,dense_0.01_span
383,3.83,dense_0.01_span
384,3.84,dense_0.01_span
385,3.85,dense_0.01_span
386,3.86,dense_0.01_span
387,3.87,dense_0.01_span
388,3.88,dense_0.01_span
389,3.89,dense_0.01_span
390,3.9,dense_0.01_span
391,3.91,dense_0.01_span
392,3.92,dense_0.01_span
393,3.93,dense_0.01_span
394,3.94,dense_0.01_span
395,3.95,dense_0.01_span
396,3.96,dense_0.01_span
397,3.97,dense_0.01_span
398,3.98,dense_0.01_span
399,3.99,dense_0.01_span
400,4.0,dense_0.01_span
401,4.01,dense_0.01_span
402,4.02,dense_0.01_span
403,4.03,dense_0.01_span
404,4.04,dense_0.01_span
405,4.05,dense_0.01_span
406,4.06,dense_0.01_span
407,4.07,dense_0.01_span
408,4.08,dense_0.01_span
409,4.09,dense_0.01_span
410,4.1,dense_0.01_span
411,4.11,dense_0.01_span
412,4.12,dense_0.01_span
413,4.13,dense_0.01_span
414,4.14,dense_0.01_span
415,4.15,dense_0.01_span
416,4.16,dense_0.01_span
417,4.17,dense_0.01_span
418,4.18,dense_0.01_span
419,4.19,dense_0.01_span
420,4.2,dense_0.01_span
421,4.21,dense_0.01_span
422,4.22,dense_0.01_span
423,4.23,dense_0.01_span
424,4.24,dense_0.01_span
425,4.25,dense_0.01_span
426,4.26,dense_0.01_span
427,4.27,dense_0.01_span
428,4.28,dense_0.01_span
429,4.29,dense_0.01_span
430,4.3,dense_0.01_span
431,4.31,dense_0.01_span
432,4.32,dense_0.01_span
433,4.33,dense_0.01_span
434,4.34,dense_0.01_span
435,4.35,dense_0.01_span
436,4.36,dense_0.01_span
437,4.37,dense_0.01_span
438,4.38,dense_0.01_span
439,4.39,dense_0.01_span
440,4.4,dense_0.01_span
441,4.41,dense_0.01_span
442,4.42,dense_0.01_span
443,4.43,dense_0.01_span
444,4.44,dense_0.01_span
445,4.45,dense_0.01_span
446,4.46,dense_0.01_span
447,4.47,dense_0.01_span
448,4.48,dense_0.01_span
449,4.49,dense_0.01_span
450,4.5,dense_0.01_span
451,4.51,dense_0.01_span
452,4.52,dense_0.01_span
453,4.53,dense_0.01_span
454,4.54,dense_0.01_span
455,4.55,dense_0.01_span
456,4.56,dense_0.01_span
457,4.57,dense_0.01_span
458,4.58,dense_0.01_span
459,4.59,dense_0.01_span
460,4.6,dense_0.01_span
461,4.61,dense_0.01_span
462,4.62,dense_0.01_span
463,4.63,dense_0.01_span
464,4.64,dense_0.01_span
465,4.65,dense_0.01_span
466,4.66,dense_0.01_span
467,4.67,dense_0.01_span
468,4.68,dense_0.01_span
469,4.69,dense_0.01_span
470,4.7,dense_0.01_span
471,4.71,dense_0.01_span
472,4.72,dense_0.01_span
473,4.73,dense_0.01_span
474,4.74,dense_0.01_span
475,4.75,dense_0.01_span
476,4.76,dense_0.01_span
477,4.77,dense_0.01_span
478,4.78,dense_0.01_span
479,4.79,dense_0.01_span
480,4.8,dense_0.01_span
481,4.81,dense_0.01_span
482,4.82,dense_0.01_span
483,4.83,dense_0.01_span
484,4.84,dense_0.01_span
485,4.85,dense_0.01_span
486,4.86,dense_0.01_span
487,4.87,dense_0.01_span
488,4.88,dense_0.01_span
489,4.89,dense_0.01_span
490,4.9,dense_0.01_span
491,4.91,dense_0.01_span
492,4.92,dense_0.01_span
493,4.93,dense_0.01_span
494,4.94,dense_0.01_span
495,4.95,dense_0.01_span
496,4.96,dense_0.01_span
497,4.97,dense_0.01_span
498,4.98,dense_0.01_span
499,4.99,dense_0.01_span
500,5.0,dense_0.01_span
501,5.01,dense_0.01_span
502,5.02,dense_0.01_span
503,5.03,dense_0.01_span
504,5.04,dense_0.01_span
505,5.05,dense_0.01_span
506,5.06,dense_0.01_span
507,5.07,dense_0.01_span
508,5.08,dense_0.01_span
509,5.09,dense_0.01_span
510,5.1,dense_0.01_span
511,5.11,dense_0.01_span
512,5.12,dense_0.01_span
513,5.13,dense_0.01_span
514,5.14,dense_0.01_span
515,5.15,dense_0.01_span
516,5.16,dense_0.01_span
517,5.17,dense_0.01_span
518,5.18,dense_0.01_span
519,5.19,dense_0.01_span
520,5.2,dense_0.01_span
521,5.21,dense_0.01_span
522,5.22,dense_0.01_span
523,5.23,dense_0.01_span
524,5.24,dense_0.01_span
525,5.25,dense_0.01_span
526,5.26,dense_0.01_span
527,5.27,dense_0.01_span
528,5.28,dense_0.01_span
529,5.29,dense_0.01_span
530,5.3,dense_0.01_span
531,5.31,dense_0.01_span
532,5.32,dense_0.01_span
533,5.33,dense_0.01_span
534,5.34,dense_0.01_span
535,5.35,dense_0.01_span
536,5.36,dense_0.01_span
537,5.37,dense_0.01_span
538,5.38,dense_0.01_span
539,5.39,dense_0.01_span
540,5.4,dense_0.01_span
541,5.41,dense_0.01_span
542,5.42,dense_0.01_span
543,5.43,dense_0.01_span
544,5.44,dense_0.01_span
545,5.45,dense_0.01_span
546,5.46,dense_0.01_span
547,5.47,dense_0.01_span
548,5.48,dense_0.01_span
549,5.49,dense_0.01_span
550,5.5,dense_0.01_span
551,5.51,dense_0.01_span
552,5.52,dense_0.01_span
553,5.53,dense_0.01_span
554,5.54,dense_0.01_span
555,5.55,dense_0.01_span
556,5.56,dense_0.01_span
557,5.57,dense_0.01_span
558,5.58,dense_0.01_span
559,5.59,dense_0.01_span
560,5.6,dense_0.01_span
561,5.61,dense_0.01_span
562,5.62,dense_0.01_span
563,5.63,dense_0.01_span
564,5.64,dense_0.01_span
565,5.65,dense_0.01_span
566,5.66,dense_0.01_span
567,5.67,dense_0.01_span
568,5.68,dense_0.01_span
569,5.69,dense_0.01_span
570,5.7,dense_0.01_span
571,5.71,dense_0.01_span
572,5.72,dense_0.01_span
573,5.73,dense_0.01_span
574,5.74,dense_0.01_span
575,5.75,dense_0.01_span
576,5.76,dense_0.01_span
577,5.77,dense_0.01_span
578,5.78,dense_0.01_span
579,5.79,dense_0.01_span
580,5.8,dense_0.01_span
581,5.81,dense_0.01_span
582,5.82,dense_0.01_span
583,5.83,dense_0.01_span
584,5.84,dense_0.01_span
585,5.85,dense_0.01_span
586,5.86,dense_0.01_span
587,5.87,dense_0.01_span
588,5.88,dense_0.01_span
589,5.89,dense_0.01_span
590,5.9,dense_0.01_span
591,5.91,dense_0.01_span
592,5.92,dense_0.01_span
593,5.93,dense_0.01_span
594,5.94,dense_0.01_span
595,5.95,dense_0.01_span
596,5.96,dense_0.01_span
597,5.97,dense_0.01_span
598,5.98,dense_0.01_span
599,5.99,dense_0.01_span
600,6.0,dense_0.01_span
601,6.01,dense_0.01_span
602,6.02,dense_0.01_span
603,6.03,dense_0.01_span
604,6.04,dense_0.01_span
605,6.05,dense_0.01_span
606,6.06,dense_0.01_span
607,6.07,dense_0.01_span
608,6.08,dense_0.01_span
609,6.09,dense_0.01_span
610,6.1,dense_0.01_span
611,6.11,dense_0.01_span
612,6.12,dense_0.01_span
613,6.13,dense_0.01_span
614,6.14,dense_0.01_span
615,6.15,dense_0.01_span
616,6.16,dense_0.01_span
617,6.17,dense_0.01_span
618,6.18,dense_0.01_span
619,6.19,dense_0.01_span
620,6.2,dense_0.01_span
621,6.21,dense_0.01_span
622,6.22,dense_0.01_span
623,6.23,dense_0.01_span
624,6.24,dense_0.01_span
625,6.25,dense_0.01_span
626,6.26,dense_0.01_span
627,6.27,dense_0.01_span
628,6.28,dense_0.01_span
629,6.29,dense_0.01_span
630,6.3,dense_0.01_span
631,6.31,dense_0.01_span
632,6.32,dense_0.01_span
633,6.33,dense_0.01_span
634,6.34,dense_0.01_span
635,6.35,dense_0.01_span
636,6.36,dense_0.01_span
637,6.37,dense_0.01_span
638,6.38,dense_0.01_span
639,6.39,dense_0.01_span
640,6.4,dense_0.01_span
641,6.41,dense_0.01_span
642,6.42,dense_0.01_span
643,6.43,dense_0.01_span
644,6.44,dense_0.01_span
645,6.45,dense_0.01_span
646,6.46,dense_0.01_span
647,6.47,dense_0.01_span
648,6.48,dense_0.01_span
649,6.49,dense_0.01_span
650,6.5,dense_0.01_span
651,6.51,dense_0.01_span
652,6.52,dense_0.01_span
653,6.53,dense_0.01_span
654,6.54,dense_0.01_span
655,6.55,dense_0.01_span
656,6.56,dense_0.01_span
657,6.57,dense_0.01_span
658,6.58,dense_0.01_span
659,6.59,dense_0.01_span
660,6.6,dense_0.01_span
661,6.61,dense_0.01_span
662,6.62,dense_0.01_span
663,6.63,dense_0.01_span
664,6.64,dense_0.01_span
665,6.65,dense_0.01_span
666,6.66,dense_0.01_span
667,6.67,dense_0.01_span
668,6.68,dense_0.01_span
669,6.69,dense_0.01_span
670,6.7,dense_0.01_span
671,6.71,dense_0.01_span
672,6.72,dense_0.01_span
673,6.73,dense_0.01_span
674,6.74,dense_0.01_span
675,6.75,dense_0.01_span
676,6.76,dense_0.01_span
677,6.77,dense_0.01_span
678,6.78,dense_0.01_span
679,6.79,dense_0.01_span
680,6.8,dense_0.01_span
681,6.81,dense_0.01_span
682,6.82,dense_0.01_span
683,6.83,dense_0.01_span
684,6.84,dense_0.01_span
685,6.85,dense_0.01_span
686,6.86,dense_0.01_span
687,6.87,dense_0.01_span
688,6.88,dense_0.01_span
689,6.89,dense_0.01_span
690,6.9,dense_0.01_span
691,6.91,dense_0.01_span
692,6.92,dense_0.01_span
693,6.93,dense_0.01_span
694,6.94,dense_0.01_span
695,6.95,dense_0.01_span
696,6.96,dense_0.01_span
697,6.97,dense_0.01_span
698,6.98,dense_0.01_span
699,6.99,dense_0.01_span
700,7.0,dense_0.01_span
701,7.01,dense_0.01_span
702,7.02,dense_0.01_span
703,7.03,dense_0.01_span
704,7.04,dense_0.01_span
705,7.05,dense_0.01_span
706,7.06,dense_0.01_span
707,7.07,dense_0.01_span
708,7.08,dense_0.01_span
709,7.09,dense_0.01_span
710,7.1,dense_0.01_span
711,7.11,dense_0.01_span
712,7.12,dense_0.01_span
713,7.13,dense_0.01_span
714,7.14,dense_0.01_span
715,7.15,dense_0.01_span
716,7.16,dense_0.01_span
717,7.17,dense_0.01_span
718,7.18,dense_0.01_span
719,7.19,dense_0.01_span
720,7.2,dense_0.01_span
721,7.21,dense_0.01_span
722,7.22,dense_0.01_span
723,7.23,dense_0.01_span
724,7.24,dense_0.01_span
725,7.25,dense_0.01_span
726,7.26,dense_0.01_span
727,7.27,dense_0.01_span
728,7.28,dense_0.01_span
729,7.29,dense_0.01_span
730,7.3,dense_0.01_span
731,7.31,dense_0.01_span
732,7.32,dense_0.01_span
733,7.33,dense_0.01_span
734,7.34,dense_0.01_span
735,7.35,dense_0.01_span
736,7.36,dense_0.01_span
737,7.37,dense_0.01_span
738,7.38,dense_0.01_span
739,7.39,dense_0.01_span
740,7.4,dense_0.01_span
741,7.41,dense_0.01_span
742,7.42,dense_0.01_span
743,7.43,dense_0.01_span
744,7.44,dense_0.01_span
745,7.45,dense_0.01_span
746,7.46,dense_0.01_span
747,7.47,dense_0.01_span
748,7.48,dense_0.01_span
749,7.49,dense_0.01_span
750,7.5,dense_0.01_span
751,7.51,dense_0.01_span
752,7.52,dense_0.01_span
753,7.53,dense_0.01_span
754,7.54,dense_0.01_span
755,7.55,dense_0.01_span
756,7.56,dense_0.01_span
757,7.57,dense_0.01_span
758,7.58,dense_0.01_span
759,7.59,dense_0.01_span
760,7.6,dense_0.01_span
761,7.61,dense_0.01_span
762,7.62,dense_0.01_span
763,7.63,dense_0.01_span
764,7.64,dense_0.01_span
765,7.65,dense_0.01_span
766,7.66,dense_0.01_span
767,7.67,dense_0.01_span
768,7.68,dense_0.01_span
769,7.69,dense_0.01_span
770,7.7,dense_0.01_span
771,7.71,dense_0.01_span
772,7.72,dense_0.01_span
773,7.73,dense_0.01_span
774,7.74,dense_0.01_span
775,7.75,dense_0.01_span
776,7.76,dense_0.01_span
777,7.77,dense_0.01_span
778,7.78,dense_0.01_span
779,7.79,dense_0.01_span
780,7.8,dense_0.01_span
781,7.81,dense_0.01_span
782,7.82,dense_0.01_span
783,7.83,dense_0.01_span
784,7.84,dense_0.01_span
785,7.85,dense_0.01_span
786,7.86,dense_0.01_span
787,7.87,dense_0.01_span
788,7.88,dense_0.01_span
789,7.89,dense_0.01_span
790,7.9,dense_0.01_span
791,7.91,dense_0.01_span
792,7.92,dense_0.01_span
793,7.93,dense_0.01_span
794,7.94,dense_0.01_span
795,7.95,dense_0.01_span
796,7.96,dense_0.01_span
797,7.97,dense_0.01_span
798,7.98,dense_0.01_span
799,7.99,dense_0.01_span
800,8.0,dense_0.01_span
801,8.01,dense_0.01_span
802,8.02,dense_0.01_span
803,8.03,dense_0.01_span
804,8.04,dense_0.01_span
805,8.05,dense_0.01_span
806,8.06,dense_0.01_span
807,8.07,dense_0.01_span
808,8.08,dense_0.01_span
809,8.09,dense_0.01_span
810,8.1,dense_0.01_span
811,8.11,dense_0.01_span
812,8.12,dense_0.01_span
813,8.13,dense_0.01_span
814,8.14,dense_0.01_span
815,8.15,dense_0.01_span
816,8.16,dense_0.01_span
817,8.17,dense_0.01_span
818,8.18,dense_0.01_span
819,8.19,dense_0.01_span
820,8.2,dense_0.01_span
821,8.21,dense_0.01_span
822,8.22,dense_0.01_span
823,8.23,dense_0.01_span
824,8.24,dense_0.01_span
825,8.25,dense_0.01_span
826,8.26,dense_0.01_span
827,8.27,dense_0.01_span
828,8.28,dense_0.01_span
829,8.29,dense_0.01_span
830,8.3,dense_0.01_span
831,8.31,dense_0.01_span
832,8.32,dense_0.01_span
833,8.33,dense_0.01_span
834,8.34,dense_0.01_span
835,8.35,dense_0.01_span
836,8.36,dense_0.01_span
837,8.37,dense_0.01_span
838,8.38,dense_0.01_span
839,8.39,dense_0.01_span
840,8.4,dense_0.01_span
841,8.41,dense_0.01_span
842,8.42,dense_0.01_span
843,8.43,dense_0.01_span
844,8.44,dense_0.01_span
845,8.45,dense_0.01_span
846,8.46,dense_0.01_span
847,8.47,dense_0.01_span
848,8.48,dense_0.01_span
849,8.49,dense_0.01_span
850,8.5,dense_0.01_span
851,8.51,dense_0.01_span
852,8.52,dense_0.01_span
853,8.53,dense_0.01_span
854,8.54,dense_0.01_span
855,8.55,dense_0.01_span
856,8.56,dense_0.01_span
857,8.57,dense_0.01_span
858,8.58,dense_0.01_span
859,8.59,dense_0.01_span
860,8.6,dense_0.01_span
861,8.61,dense_0.01_span
862,8.62,dense_0.01_span
863,8.63,dense_0.01_span
864,8.64,dense_0.01_span
865,8.65,dense_0.01_span
866,8.66,dense_0.01_span
867,8.67,dense_0.01_span
868,8.68,dense_0.01_span
869,8.69,dense_0.01_span
870,8.7,dense_0.01_span
871,8.71,dense_0.01_span
872,8.72,dense_0.01_span
873,8.73,dense_0.01_span
874,8.74,dense_0.01_span
875,8.75,dense_0.01_span
876,8.76,dense_0.01_span
877,8.77,dense_0.01_span
878,8.78,dense_0.01_span
879,8.79,dense_0.01_span
880,8.8,dense_0.01_span
881,8.81,dense_0.01_span
882,8.82,dense_0.01_span
883,8.83,dense_0.01_span
884,8.84,dense_0.01_span
885,8.85,dense_0.01_span
886,8.86,dense_0.01_span
887,8.87,dense_0.01_span
888,8.88,dense_0.01_span
889,8.89,dense_0.01_span
890,8.9,dense_0.01_span
891,8.91,dense_0.01_span
892,8.92,dense_0.01_span
893,8.93,dense_0.01_span
894,8.94,dense_0.01_span
895,8.95,dense_0.01_span
896,8.96,dense_0.01_span
897,8.97,dense_0.01_span
898,8.98,dense_0.01_span
899,8.99,dense_0.01_span
900,9.0,dense_0.01_span
901,9.01,dense_0.01_span
902,9.02,dense_0.01_span
903,9.03,dense_0.01_span
904,9.04,dense_0.01_span
905,9.05,dense_0.01_span
906,9.06,dense_0.01_span
907,9.07,dense_0.01_span
908,9.08,dense_0.01_span
909,9.09,dense_0.01_span
910,9.1,dense_0.01_span
911,9.11,dense_0.01_span
912,9.12,dense_0.01_span
913,9.13,dense_0.01_span
914,9.14,dense_0.01_span
915,9.15,rounded_collapse_boundary
